,amino_acids,biotype,cdna_end,cdna_start,cds_end,cds_start,codons,consequence_terms,distance,ensembl_main_key,flags,gene_id,gene_symbol,gene_symbol_source,hgnc_id,impact,polyphen_prediction,polyphen_score,protein_end,protein_start,sift_prediction,sift_score,strand,transcript_id,variant_allele
0,M/L,protein_coding,233.0,233.0,1.0,1.0,Atg/Ttg,start_lost,,0,,ENSG00000012048,BRCA1,HGNC,1100,HIGH,benign,0.018,1.0,1.0,deleterious,0.03,-1,ENST00000352993,A
1,M/L,protein_coding,162.0,162.0,1.0,1.0,Atg/Ttg,start_lost,,0,cds_end_NF,ENSG00000012048,BRCA1,HGNC,1100,HIGH,probably_damaging,0.944,1.0,1.0,deleterious,0.0,-1,ENST00000470026,A
2,M/L,protein_coding,194.0,194.0,1.0,1.0,Atg/Ttg,start_lost,,0,cds_end_NF,ENSG00000012048,BRCA1,HGNC,1100,HIGH,probably_damaging,0.944,1.0,1.0,deleterious,0.0,-1,ENST00000494123,A
3,M/L,protein_coding,20.0,20.0,1.0,1.0,Atg/Ttg,start_lost,,0,,ENSG00000012048,BRCA1,HGNC,1100,HIGH,unknown,0.0,1.0,1.0,deleterious,0.0,-1,ENST00000351666,A
4,,protein_coding,,,,,,intron_variant,,0,,ENSG00000012048,BRCA1,HGNC,1100,MODIFIER,,,,,,,-1,ENST00000591534,A
5,M/L,protein_coding,114.0,114.0,1.0,1.0,Atg/Ttg,start_lost,,0,cds_end_NF,ENSG00000012048,BRCA1,HGNC,1100,HIGH,benign,0.267,1.0,1.0,deleterious,0.0,-1,ENST00000477152,A
6,,protein_coding,146.0,146.0,,,,5_prime_UTR_variant,,0,cds_end_NF,ENSG00000012048,BRCA1,HGNC,1100,MODIFIER,,,,,,,-1,ENST00000493919,A
7,,processed_transcript,,,,,,upstream_gene_variant,1514.0,0,,ENSG00000198496,NBR2,HGNC,20691,MODIFIER,,,,,,,1,ENST00000460115,A
8,M/L,protein_coding,103.0,103.0,1.0,1.0,Atg/Ttg,start_lost,,0,cds_end_NF,ENSG00000012048,BRCA1,HGNC,1100,HIGH,possibly_damaging,0.841,1.0,1.0,deleterious,0.02,-1,ENST00000476777,A
9,,protein_coding,,,,,,intron_variant,,0,,ENSG00000012048,BRCA1,HGNC,1100,MODIFIER,,,,,,,-1,ENST00000586385,A
10,,protein_coding,,,,,,intron_variant,,0,cds_end_NF,ENSG00000012048,BRCA1,HGNC,1100,MODIFIER,,,,,,,-1,ENST00000497488,A
11,M/L,protein_coding,195.0,195.0,1.0,1.0,Atg/Ttg,start_lost,,0,,ENSG00000012048,BRCA1,HGNC,1100,HIGH,possibly_damaging,0.813,1.0,1.0,deleterious,0.0,-1,ENST00000346315,A
12,M/L,protein_coding,160.0,160.0,1.0,1.0,Atg/Ttg,start_lost,,0,cds_end_NF,ENSG00000012048,BRCA1,HGNC,1100,HIGH,probably_damaging,0.965,1.0,1.0,deleterious,0.02,-1,ENST00000489037,A
13,M/L,protein_coding,120.0,120.0,1.0,1.0,Atg/Ttg,start_lost,,0,,ENSG00000012048,BRCA1,HGNC,1100,HIGH,probably_damaging,0.944,1.0,1.0,deleterious,0.0,-1,ENST00000357654,A
14,,processed_transcript,,,,,,upstream_gene_variant,1544.0,0,,ENSG00000198496,NBR2,HGNC,20691,MODIFIER,,,,,,,1,ENST00000356906,A
15,,protein_coding,,,,,,intron_variant,,0,,ENSG00000012048,BRCA1,HGNC,1100,MODIFIER,,,,,,,-1,ENST00000591849,A
16,,protein_coding,195.0,195.0,,,,5_prime_UTR_variant,,0,,ENSG00000012048,BRCA1,HGNC,1100,MODIFIER,,,,,,,-1,ENST00000309486,A
17,M/L,protein_coding,233.0,233.0,1.0,1.0,Atg/Ttg,start_lost,,0,,ENSG00000012048,BRCA1,HGNC,1100,HIGH,possibly_damaging,0.817,1.0,1.0,,,-1,ENST00000354071,A
18,M/L,protein_coding,195.0,195.0,1.0,1.0,Atg/Ttg,start_lost,,0,,ENSG00000012048,BRCA1,HGNC,1100,HIGH,possibly_damaging,0.503,1.0,1.0,deleterious,0.0,-1,ENST00000468300,A
19,,protein_coding,146.0,146.0,,,,5_prime_UTR_variant,,0,,ENSG00000012048,BRCA1,HGNC,1100,MODIFIER,,,,,,,-1,ENST00000493795,A
20,M/L,nonsense_mediated_decay,114.0,114.0,1.0,1.0,Atg/Ttg,"start_lost,NMD_transcript_variant",,0,,ENSG00000012048,BRCA1,HGNC,1100,HIGH,probably_damaging,0.944,1.0,1.0,deleterious_low_confidence,0.02,-1,ENST00000461798,A
21,,retained_intron,65.0,65.0,,,,"non_coding_transcript_exon_variant,non_coding_transcript_variant",,0,,ENSG00000012048,BRCA1,HGNC,1100,MODIFIER,,,,,,,-1,ENST00000467274,A
22,,processed_transcript,,,,,,upstream_gene_variant,1548.0,0,,ENSG00000198496,NBR2,HGNC,20691,MODIFIER,,,,,,,1,ENST00000467245,A
23,M/L,protein_coding,103.0,103.0,1.0,1.0,Atg/Ttg,start_lost,,0,cds_end_NF,ENSG00000012048,BRCA1,HGNC,1100,HIGH,possibly_damaging,0.651,1.0,1.0,deleterious,0.0,-1,ENST00000478531,A
24,M/L,protein_coding,100.0,100.0,1.0,1.0,Atg/Ttg,start_lost,,0,,ENSG00000012048,BRCA1,HGNC,1100,HIGH,probably_damaging,0.988,1.0,1.0,deleterious,0.03,-1,ENST00000491747,A
25,M/L,nonsense_mediated_decay,127.0,127.0,1.0,1.0,Atg/Ttg,"start_lost,NMD_transcript_variant",,0,,ENSG00000012048,BRCA1,HGNC,1100,HIGH,probably_damaging,0.944,1.0,1.0,deleterious_low_confidence,0.02,-1,ENST00000461221,A
26,M/L,protein_coding,233.0,233.0,1.0,1.0,Atg/Ttg,start_lost,,0,,ENSG00000012048,BRCA1,HGNC,1100,HIGH,probably_damaging,0.95,1.0,1.0,deleterious,0.0,-1,ENST00000471181,A
27,M/L,nonsense_mediated_decay,50.0,50.0,1.0,1.0,Atg/Ttg,"start_lost,NMD_transcript_variant",,0,,ENSG00000012048,BRCA1,HGNC,1100,HIGH,benign,0.008,1.0,1.0,deleterious_low_confidence,0.02,-1,ENST00000492859,A
28,M/V,protein_coding,233.0,233.0,1.0,1.0,Atg/Gtg,start_lost,,1,,ENSG00000012048,BRCA1,HGNC,1100,HIGH,benign,0.043,1.0,1.0,deleterious,0.01,-1,ENST00000352993,C
29,M/V,protein_coding,162.0,162.0,1.0,1.0,Atg/Gtg,start_lost,,1,cds_end_NF,ENSG00000012048,BRCA1,HGNC,1100,HIGH,probably_damaging,0.965,1.0,1.0,deleterious,0.0,-1,ENST00000470026,C
30,M/V,protein_coding,194.0,194.0,1.0,1.0,Atg/Gtg,start_lost,,1,cds_end_NF,ENSG00000012048,BRCA1,HGNC,1100,HIGH,probably_damaging,0.965,1.0,1.0,deleterious,0.0,-1,ENST00000494123,C
31,M/V,protein_coding,20.0,20.0,1.0,1.0,Atg/Gtg,start_lost,,1,,ENSG00000012048,BRCA1,HGNC,1100,HIGH,unknown,0.0,1.0,1.0,deleterious,0.0,-1,ENST00000351666,C
32,,protein_coding,,,,,,intron_variant,,1,,ENSG00000012048,BRCA1,HGNC,1100,MODIFIER,,,,,,,-1,ENST00000591534,C
33,M/V,protein_coding,114.0,114.0,1.0,1.0,Atg/Gtg,start_lost,,1,cds_end_NF,ENSG00000012048,BRCA1,HGNC,1100,HIGH,benign,0.267,1.0,1.0,deleterious,0.0,-1,ENST00000477152,C
34,,protein_coding,146.0,146.0,,,,5_prime_UTR_variant,,1,cds_end_NF,ENSG00000012048,BRCA1,HGNC,1100,MODIFIER,,,,,,,-1,ENST00000493919,C
35,,processed_transcript,,,,,,upstream_gene_variant,1514.0,1,,ENSG00000198496,NBR2,HGNC,20691,MODIFIER,,,,,,,1,ENST00000460115,C
36,M/V,protein_coding,103.0,103.0,1.0,1.0,Atg/Gtg,start_lost,,1,cds_end_NF,ENSG00000012048,BRCA1,HGNC,1100,HIGH,possibly_damaging,0.841,1.0,1.0,deleterious,0.0,-1,ENST00000476777,C
37,,protein_coding,,,,,,intron_variant,,1,,ENSG00000012048,BRCA1,HGNC,1100,MODIFIER,,,,,,,-1,ENST00000586385,C
38,,protein_coding,,,,,,intron_variant,,1,cds_end_NF,ENSG00000012048,BRCA1,HGNC,1100,MODIFIER,,,,,,,-1,ENST00000497488,C
39,M/V,protein_coding,195.0,195.0,1.0,1.0,Atg/Gtg,start_lost,,1,,ENSG00000012048,BRCA1,HGNC,1100,HIGH,probably_damaging,0.914,1.0,1.0,deleterious,0.0,-1,ENST00000346315,C
40,M/V,protein_coding,160.0,160.0,1.0,1.0,Atg/Gtg,start_lost,,1,cds_end_NF,ENSG00000012048,BRCA1,HGNC,1100,HIGH,probably_damaging,0.978,1.0,1.0,deleterious,0.0,-1,ENST00000489037,C
41,M/V,protein_coding,120.0,120.0,1.0,1.0,Atg/Gtg,start_lost,,1,,ENSG00000012048,BRCA1,HGNC,1100,HIGH,probably_damaging,0.965,1.0,1.0,deleterious,0.0,-1,ENST00000357654,C
42,,processed_transcript,,,,,,upstream_gene_variant,1544.0,1,,ENSG00000198496,NBR2,HGNC,20691,MODIFIER,,,,,,,1,ENST00000356906,C
43,,protein_coding,,,,,,intron_variant,,1,,ENSG00000012048,BRCA1,HGNC,1100,MODIFIER,,,,,,,-1,ENST00000591849,C
44,,protein_coding,195.0,195.0,,,,5_prime_UTR_variant,,1,,ENSG00000012048,BRCA1,HGNC,1100,MODIFIER,,,,,,,-1,ENST00000309486,C
45,M/V,protein_coding,233.0,233.0,1.0,1.0,Atg/Gtg,start_lost,,1,,ENSG00000012048,BRCA1,HGNC,1100,HIGH,probably_damaging,0.916,1.0,1.0,,,-1,ENST00000354071,C
46,M/V,protein_coding,195.0,195.0,1.0,1.0,Atg/Gtg,start_lost,,1,,ENSG00000012048,BRCA1,HGNC,1100,HIGH,possibly_damaging,0.712,1.0,1.0,deleterious,0.0,-1,ENST00000468300,C
47,,protein_coding,146.0,146.0,,,,5_prime_UTR_variant,,1,,ENSG00000012048,BRCA1,HGNC,1100,MODIFIER,,,,,,,-1,ENST00000493795,C
48,M/V,nonsense_mediated_decay,114.0,114.0,1.0,1.0,Atg/Gtg,"start_lost,NMD_transcript_variant",,1,,ENSG00000012048,BRCA1,HGNC,1100,HIGH,probably_damaging,0.965,1.0,1.0,deleterious_low_confidence,0.01,-1,ENST00000461798,C
49,,retained_intron,65.0,65.0,,,,"non_coding_transcript_exon_variant,non_coding_transcript_variant",,1,,ENSG00000012048,BRCA1,HGNC,1100,MODIFIER,,,,,,,-1,ENST00000467274,C
50,,processed_transcript,,,,,,upstream_gene_variant,1548.0,1,,ENSG00000198496,NBR2,HGNC,20691,MODIFIER,,,,,,,1,ENST00000467245,C
51,M/V,protein_coding,103.0,103.0,1.0,1.0,Atg/Gtg,start_lost,,1,cds_end_NF,ENSG00000012048,BRCA1,HGNC,1100,HIGH,possibly_damaging,0.824,1.0,1.0,deleterious,0.0,-1,ENST00000478531,C
52,M/V,protein_coding,100.0,100.0,1.0,1.0,Atg/Gtg,start_lost,,1,,ENSG00000012048,BRCA1,HGNC,1100,HIGH,probably_damaging,0.992,1.0,1.0,deleterious,0.01,-1,ENST00000491747,C
53,M/V,nonsense_mediated_decay,127.0,127.0,1.0,1.0,Atg/Gtg,"start_lost,NMD_transcript_variant",,1,,ENSG00000012048,BRCA1,HGNC,1100,HIGH,probably_damaging,0.965,1.0,1.0,deleterious_low_confidence,0.01,-1,ENST00000461221,C
54,M/V,protein_coding,233.0,233.0,1.0,1.0,Atg/Gtg,start_lost,,1,,ENSG00000012048,BRCA1,HGNC,1100,HIGH,probably_damaging,0.969,1.0,1.0,deleterious,0.0,-1,ENST00000471181,C
55,M/V,nonsense_mediated_decay,50.0,50.0,1.0,1.0,Atg/Gtg,"start_lost,NMD_transcript_variant",,1,,ENSG00000012048,BRCA1,HGNC,1100,HIGH,benign,0.019,1.0,1.0,deleterious_low_confidence,0.0,-1,ENST00000492859,C
56,M/L,protein_coding,233.0,233.0,1.0,1.0,Atg/Ctg,start_lost,,2,,ENSG00000012048,BRCA1,HGNC,1100,HIGH,benign,0.018,1.0,1.0,deleterious,0.03,-1,ENST00000352993,G
57,M/L,protein_coding,162.0,162.0,1.0,1.0,Atg/Ctg,start_lost,,2,cds_end_NF,ENSG00000012048,BRCA1,HGNC,1100,HIGH,probably_damaging,0.944,1.0,1.0,deleterious,0.0,-1,ENST00000470026,G
58,M/L,protein_coding,194.0,194.0,1.0,1.0,Atg/Ctg,start_lost,,2,cds_end_NF,ENSG00000012048,BRCA1,HGNC,1100,HIGH,probably_damaging,0.944,1.0,1.0,deleterious,0.0,-1,ENST00000494123,G
59,M/L,protein_coding,20.0,20.0,1.0,1.0,Atg/Ctg,start_lost,,2,,ENSG00000012048,BRCA1,HGNC,1100,HIGH,unknown,0.0,1.0,1.0,deleterious,0.0,-1,ENST00000351666,G
60,,protein_coding,,,,,,intron_variant,,2,,ENSG00000012048,BRCA1,HGNC,1100,MODIFIER,,,,,,,-1,ENST00000591534,G
61,M/L,protein_coding,114.0,114.0,1.0,1.0,Atg/Ctg,start_lost,,2,cds_end_NF,ENSG00000012048,BRCA1,HGNC,1100,HIGH,benign,0.267,1.0,1.0,deleterious,0.0,-1,ENST00000477152,G
62,,protein_coding,146.0,146.0,,,,5_prime_UTR_variant,,2,cds_end_NF,ENSG00000012048,BRCA1,HGNC,1100,MODIFIER,,,,,,,-1,ENST00000493919,G
63,,processed_transcript,,,,,,upstream_gene_variant,1514.0,2,,ENSG00000198496,NBR2,HGNC,20691,MODIFIER,,,,,,,1,ENST00000460115,G
64,M/L,protein_coding,103.0,103.0,1.0,1.0,Atg/Ctg,start_lost,,2,cds_end_NF,ENSG00000012048,BRCA1,HGNC,1100,HIGH,possibly_damaging,0.841,1.0,1.0,deleterious,0.02,-1,ENST00000476777,G
65,,protein_coding,,,,,,intron_variant,,2,,ENSG00000012048,BRCA1,HGNC,1100,MODIFIER,,,,,,,-1,ENST00000586385,G
66,,protein_coding,,,,,,intron_variant,,2,cds_end_NF,ENSG00000012048,BRCA1,HGNC,1100,MODIFIER,,,,,,,-1,ENST00000497488,G
67,M/L,protein_coding,195.0,195.0,1.0,1.0,Atg/Ctg,start_lost,,2,,ENSG00000012048,BRCA1,HGNC,1100,HIGH,possibly_damaging,0.813,1.0,1.0,deleterious,0.0,-1,ENST00000346315,G
68,M/L,protein_coding,160.0,160.0,1.0,1.0,Atg/Ctg,start_lost,,2,cds_end_NF,ENSG00000012048,BRCA1,HGNC,1100,HIGH,probably_damaging,0.965,1.0,1.0,deleterious,0.02,-1,ENST00000489037,G
69,M/L,protein_coding,120.0,120.0,1.0,1.0,Atg/Ctg,start_lost,,2,,ENSG00000012048,BRCA1,HGNC,1100,HIGH,probably_damaging,0.944,1.0,1.0,deleterious,0.0,-1,ENST00000357654,G
70,,processed_transcript,,,,,,upstream_gene_variant,1544.0,2,,ENSG00000198496,NBR2,HGNC,20691,MODIFIER,,,,,,,1,ENST00000356906,G
71,,protein_coding,,,,,,intron_variant,,2,,ENSG00000012048,BRCA1,HGNC,1100,MODIFIER,,,,,,,-1,ENST00000591849,G
72,,protein_coding,195.0,195.0,,,,5_prime_UTR_variant,,2,,ENSG00000012048,BRCA1,HGNC,1100,MODIFIER,,,,,,,-1,ENST00000309486,G
73,M/L,protein_coding,233.0,233.0,1.0,1.0,Atg/Ctg,start_lost,,2,,ENSG00000012048,BRCA1,HGNC,1100,HIGH,possibly_damaging,0.817,1.0,1.0,,,-1,ENST00000354071,G
74,M/L,protein_coding,195.0,195.0,1.0,1.0,Atg/Ctg,start_lost,,2,,ENSG00000012048,BRCA1,HGNC,1100,HIGH,possibly_damaging,0.503,1.0,1.0,deleterious,0.0,-1,ENST00000468300,G
75,,protein_coding,146.0,146.0,,,,5_prime_UTR_variant,,2,,ENSG00000012048,BRCA1,HGNC,1100,MODIFIER,,,,,,,-1,ENST00000493795,G
76,M/L,nonsense_mediated_decay,114.0,114.0,1.0,1.0,Atg/Ctg,"start_lost,NMD_transcript_variant",,2,,ENSG00000012048,BRCA1,HGNC,1100,HIGH,probably_damaging,0.944,1.0,1.0,deleterious_low_confidence,0.02,-1,ENST00000461798,G
77,,retained_intron,65.0,65.0,,,,"non_coding_transcript_exon_variant,non_coding_transcript_variant",,2,,ENSG00000012048,BRCA1,HGNC,1100,MODIFIER,,,,,,,-1,ENST00000467274,G
78,,processed_transcript,,,,,,upstream_gene_variant,1548.0,2,,ENSG00000198496,NBR2,HGNC,20691,MODIFIER,,,,,,,1,ENST00000467245,G
79,M/L,protein_coding,103.0,103.0,1.0,1.0,Atg/Ctg,start_lost,,2,cds_end_NF,ENSG00000012048,BRCA1,HGNC,1100,HIGH,possibly_damaging,0.651,1.0,1.0,deleterious,0.0,-1,ENST00000478531,G
80,M/L,protein_coding,100.0,100.0,1.0,1.0,Atg/Ctg,start_lost,,2,,ENSG00000012048,BRCA1,HGNC,1100,HIGH,probably_damaging,0.988,1.0,1.0,deleterious,0.03,-1,ENST00000491747,G
81,M/L,nonsense_mediated_decay,127.0,127.0,1.0,1.0,Atg/Ctg,"start_lost,NMD_transcript_variant",,2,,ENSG00000012048,BRCA1,HGNC,1100,HIGH,probably_damaging,0.944,1.0,1.0,deleterious_low_confidence,0.02,-1,ENST00000461221,G
82,M/L,protein_coding,233.0,233.0,1.0,1.0,Atg/Ctg,start_lost,,2,,ENSG00000012048,BRCA1,HGNC,1100,HIGH,probably_damaging,0.95,1.0,1.0,deleterious,0.0,-1,ENST00000471181,G
83,M/L,nonsense_mediated_decay,50.0,50.0,1.0,1.0,Atg/Ctg,"start_lost,NMD_transcript_variant",,2,,ENSG00000012048,BRCA1,HGNC,1100,HIGH,benign,0.008,1.0,1.0,deleterious_low_confidence,0.02,-1,ENST00000492859,G
84,M/L,protein_coding,233.0,233.0,1.0,1.0,Atg/Ttg,start_lost,,3,,ENSG00000012048,BRCA1,HGNC,1100,HIGH,benign,0.018,1.0,1.0,deleterious,0.03,-1,ENST00000352993,A
85,M/L,protein_coding,162.0,162.0,1.0,1.0,Atg/Ttg,start_lost,,3,cds_end_NF,ENSG00000012048,BRCA1,HGNC,1100,HIGH,probably_damaging,0.944,1.0,1.0,deleterious,0.0,-1,ENST00000470026,A
86,M/L,protein_coding,194.0,194.0,1.0,1.0,Atg/Ttg,start_lost,,3,cds_end_NF,ENSG00000012048,BRCA1,HGNC,1100,HIGH,probably_damaging,0.944,1.0,1.0,deleterious,0.0,-1,ENST00000494123,A
87,M/L,protein_coding,20.0,20.0,1.0,1.0,Atg/Ttg,start_lost,,3,,ENSG00000012048,BRCA1,HGNC,1100,HIGH,unknown,0.0,1.0,1.0,deleterious,0.0,-1,ENST00000351666,A
88,,protein_coding,,,,,,intron_variant,,3,,ENSG00000012048,BRCA1,HGNC,1100,MODIFIER,,,,,,,-1,ENST00000591534,A
89,M/L,protein_coding,114.0,114.0,1.0,1.0,Atg/Ttg,start_lost,,3,cds_end_NF,ENSG00000012048,BRCA1,HGNC,1100,HIGH,benign,0.267,1.0,1.0,deleterious,0.0,-1,ENST00000477152,A
90,,protein_coding,146.0,146.0,,,,5_prime_UTR_variant,,3,cds_end_NF,ENSG00000012048,BRCA1,HGNC,1100,MODIFIER,,,,,,,-1,ENST00000493919,A
91,,processed_transcript,,,,,,upstream_gene_variant,1514.0,3,,ENSG00000198496,NBR2,HGNC,20691,MODIFIER,,,,,,,1,ENST00000460115,A
92,M/L,protein_coding,103.0,103.0,1.0,1.0,Atg/Ttg,start_lost,,3,cds_end_NF,ENSG00000012048,BRCA1,HGNC,1100,HIGH,possibly_damaging,0.841,1.0,1.0,deleterious,0.02,-1,ENST00000476777,A
93,,protein_coding,,,,,,intron_variant,,3,,ENSG00000012048,BRCA1,HGNC,1100,MODIFIER,,,,,,,-1,ENST00000586385,A
94,,protein_coding,,,,,,intron_variant,,3,cds_end_NF,ENSG00000012048,BRCA1,HGNC,1100,MODIFIER,,,,,,,-1,ENST00000497488,A
95,M/L,protein_coding,195.0,195.0,1.0,1.0,Atg/Ttg,start_lost,,3,,ENSG00000012048,BRCA1,HGNC,1100,HIGH,possibly_damaging,0.813,1.0,1.0,deleterious,0.0,-1,ENST00000346315,A
96,M/L,protein_coding,160.0,160.0,1.0,1.0,Atg/Ttg,start_lost,,3,cds_end_NF,ENSG00000012048,BRCA1,HGNC,1100,HIGH,probably_damaging,0.965,1.0,1.0,deleterious,0.02,-1,ENST00000489037,A
97,M/L,protein_coding,120.0,120.0,1.0,1.0,Atg/Ttg,start_lost,,3,,ENSG00000012048,BRCA1,HGNC,1100,HIGH,probably_damaging,0.944,1.0,1.0,deleterious,0.0,-1,ENST00000357654,A
98,,processed_transcript,,,,,,upstream_gene_variant,1544.0,3,,ENSG00000198496,NBR2,HGNC,20691,MODIFIER,,,,,,,1,ENST00000356906,A
99,,protein_coding,,,,,,intron_variant,,3,,ENSG00000012048,BRCA1,HGNC,1100,MODIFIER,,,,,,,-1,ENST00000591849,A
100,,protein_coding,195.0,195.0,,,,5_prime_UTR_variant,,3,,ENSG00000012048,BRCA1,HGNC,1100,MODIFIER,,,,,,,-1,ENST00000309486,A
101,M/L,protein_coding,233.0,233.0,1.0,1.0,Atg/Ttg,start_lost,,3,,ENSG00000012048,BRCA1,HGNC,1100,HIGH,possibly_damaging,0.817,1.0,1.0,,,-1,ENST00000354071,A
102,M/L,protein_coding,195.0,195.0,1.0,1.0,Atg/Ttg,start_lost,,3,,ENSG00000012048,BRCA1,HGNC,1100,HIGH,possibly_damaging,0.503,1.0,1.0,deleterious,0.0,-1,ENST00000468300,A
103,,protein_coding,146.0,146.0,,,,5_prime_UTR_variant,,3,,ENSG00000012048,BRCA1,HGNC,1100,MODIFIER,,,,,,,-1,ENST00000493795,A
104,M/L,nonsense_mediated_decay,114.0,114.0,1.0,1.0,Atg/Ttg,"start_lost,NMD_transcript_variant",,3,,ENSG00000012048,BRCA1,HGNC,1100,HIGH,probably_damaging,0.944,1.0,1.0,deleterious_low_confidence,0.02,-1,ENST00000461798,A
105,,retained_intron,65.0,65.0,,,,"non_coding_transcript_exon_variant,non_coding_transcript_variant",,3,,ENSG00000012048,BRCA1,HGNC,1100,MODIFIER,,,,,,,-1,ENST00000467274,A
106,,processed_transcript,,,,,,upstream_gene_variant,1548.0,3,,ENSG00000198496,NBR2,HGNC,20691,MODIFIER,,,,,,,1,ENST00000467245,A
107,M/L,protein_coding,103.0,103.0,1.0,1.0,Atg/Ttg,start_lost,,3,cds_end_NF,ENSG00000012048,BRCA1,HGNC,1100,HIGH,possibly_damaging,0.651,1.0,1.0,deleterious,0.0,-1,ENST00000478531,A
108,M/L,protein_coding,100.0,100.0,1.0,1.0,Atg/Ttg,start_lost,,3,,ENSG00000012048,BRCA1,HGNC,1100,HIGH,probably_damaging,0.988,1.0,1.0,deleterious,0.03,-1,ENST00000491747,A
109,M/L,nonsense_mediated_decay,127.0,127.0,1.0,1.0,Atg/Ttg,"start_lost,NMD_transcript_variant",,3,,ENSG00000012048,BRCA1,HGNC,1100,HIGH,probably_damaging,0.944,1.0,1.0,deleterious_low_confidence,0.02,-1,ENST00000461221,A
110,M/L,protein_coding,233.0,233.0,1.0,1.0,Atg/Ttg,start_lost,,3,,ENSG00000012048,BRCA1,HGNC,1100,HIGH,probably_damaging,0.95,1.0,1.0,deleterious,0.0,-1,ENST00000471181,A
111,M/L,nonsense_mediated_decay,50.0,50.0,1.0,1.0,Atg/Ttg,"start_lost,NMD_transcript_variant",,3,,ENSG00000012048,BRCA1,HGNC,1100,HIGH,benign,0.008,1.0,1.0,deleterious_low_confidence,0.02,-1,ENST00000492859,A
112,M/V,protein_coding,233.0,233.0,1.0,1.0,Atg/Gtg,start_lost,,4,,ENSG00000012048,BRCA1,HGNC,1100,HIGH,benign,0.043,1.0,1.0,deleterious,0.01,-1,ENST00000352993,C
113,M/V,protein_coding,162.0,162.0,1.0,1.0,Atg/Gtg,start_lost,,4,cds_end_NF,ENSG00000012048,BRCA1,HGNC,1100,HIGH,probably_damaging,0.965,1.0,1.0,deleterious,0.0,-1,ENST00000470026,C
114,M/V,protein_coding,194.0,194.0,1.0,1.0,Atg/Gtg,start_lost,,4,cds_end_NF,ENSG00000012048,BRCA1,HGNC,1100,HIGH,probably_damaging,0.965,1.0,1.0,deleterious,0.0,-1,ENST00000494123,C
115,M/V,protein_coding,20.0,20.0,1.0,1.0,Atg/Gtg,start_lost,,4,,ENSG00000012048,BRCA1,HGNC,1100,HIGH,unknown,0.0,1.0,1.0,deleterious,0.0,-1,ENST00000351666,C
116,,protein_coding,,,,,,intron_variant,,4,,ENSG00000012048,BRCA1,HGNC,1100,MODIFIER,,,,,,,-1,ENST00000591534,C
117,M/V,protein_coding,114.0,114.0,1.0,1.0,Atg/Gtg,start_lost,,4,cds_end_NF,ENSG00000012048,BRCA1,HGNC,1100,HIGH,benign,0.267,1.0,1.0,deleterious,0.0,-1,ENST00000477152,C
118,,protein_coding,146.0,146.0,,,,5_prime_UTR_variant,,4,cds_end_NF,ENSG00000012048,BRCA1,HGNC,1100,MODIFIER,,,,,,,-1,ENST00000493919,C
119,,processed_transcript,,,,,,upstream_gene_variant,1514.0,4,,ENSG00000198496,NBR2,HGNC,20691,MODIFIER,,,,,,,1,ENST00000460115,C
120,M/V,protein_coding,103.0,103.0,1.0,1.0,Atg/Gtg,start_lost,,4,cds_end_NF,ENSG00000012048,BRCA1,HGNC,1100,HIGH,possibly_damaging,0.841,1.0,1.0,deleterious,0.0,-1,ENST00000476777,C
121,,protein_coding,,,,,,intron_variant,,4,,ENSG00000012048,BRCA1,HGNC,1100,MODIFIER,,,,,,,-1,ENST00000586385,C
122,,protein_coding,,,,,,intron_variant,,4,cds_end_NF,ENSG00000012048,BRCA1,HGNC,1100,MODIFIER,,,,,,,-1,ENST00000497488,C
123,M/V,protein_coding,195.0,195.0,1.0,1.0,Atg/Gtg,start_lost,,4,,ENSG00000012048,BRCA1,HGNC,1100,HIGH,probably_damaging,0.914,1.0,1.0,deleterious,0.0,-1,ENST00000346315,C
124,M/V,protein_coding,160.0,160.0,1.0,1.0,Atg/Gtg,start_lost,,4,cds_end_NF,ENSG00000012048,BRCA1,HGNC,1100,HIGH,probably_damaging,0.978,1.0,1.0,deleterious,0.0,-1,ENST00000489037,C
125,M/V,protein_coding,120.0,120.0,1.0,1.0,Atg/Gtg,start_lost,,4,,ENSG00000012048,BRCA1,HGNC,1100,HIGH,probably_damaging,0.965,1.0,1.0,deleterious,0.0,-1,ENST00000357654,C
126,,processed_transcript,,,,,,upstream_gene_variant,1544.0,4,,ENSG00000198496,NBR2,HGNC,20691,MODIFIER,,,,,,,1,ENST00000356906,C
127,,protein_coding,,,,,,intron_variant,,4,,ENSG00000012048,BRCA1,HGNC,1100,MODIFIER,,,,,,,-1,ENST00000591849,C
128,,protein_coding,195.0,195.0,,,,5_prime_UTR_variant,,4,,ENSG00000012048,BRCA1,HGNC,1100,MODIFIER,,,,,,,-1,ENST00000309486,C
129,M/V,protein_coding,233.0,233.0,1.0,1.0,Atg/Gtg,start_lost,,4,,ENSG00000012048,BRCA1,HGNC,1100,HIGH,probably_damaging,0.916,1.0,1.0,,,-1,ENST00000354071,C
130,M/V,protein_coding,195.0,195.0,1.0,1.0,Atg/Gtg,start_lost,,4,,ENSG00000012048,BRCA1,HGNC,1100,HIGH,possibly_damaging,0.712,1.0,1.0,deleterious,0.0,-1,ENST00000468300,C
131,,protein_coding,146.0,146.0,,,,5_prime_UTR_variant,,4,,ENSG00000012048,BRCA1,HGNC,1100,MODIFIER,,,,,,,-1,ENST00000493795,C
132,M/V,nonsense_mediated_decay,114.0,114.0,1.0,1.0,Atg/Gtg,"start_lost,NMD_transcript_variant",,4,,ENSG00000012048,BRCA1,HGNC,1100,HIGH,probably_damaging,0.965,1.0,1.0,deleterious_low_confidence,0.01,-1,ENST00000461798,C
133,,retained_intron,65.0,65.0,,,,"non_coding_transcript_exon_variant,non_coding_transcript_variant",,4,,ENSG00000012048,BRCA1,HGNC,1100,MODIFIER,,,,,,,-1,ENST00000467274,C
134,,processed_transcript,,,,,,upstream_gene_variant,1548.0,4,,ENSG00000198496,NBR2,HGNC,20691,MODIFIER,,,,,,,1,ENST00000467245,C
135,M/V,protein_coding,103.0,103.0,1.0,1.0,Atg/Gtg,start_lost,,4,cds_end_NF,ENSG00000012048,BRCA1,HGNC,1100,HIGH,possibly_damaging,0.824,1.0,1.0,deleterious,0.0,-1,ENST00000478531,C
136,M/V,protein_coding,100.0,100.0,1.0,1.0,Atg/Gtg,start_lost,,4,,ENSG00000012048,BRCA1,HGNC,1100,HIGH,probably_damaging,0.992,1.0,1.0,deleterious,0.01,-1,ENST00000491747,C
137,M/V,nonsense_mediated_decay,127.0,127.0,1.0,1.0,Atg/Gtg,"start_lost,NMD_transcript_variant",,4,,ENSG00000012048,BRCA1,HGNC,1100,HIGH,probably_damaging,0.965,1.0,1.0,deleterious_low_confidence,0.01,-1,ENST00000461221,C
138,M/V,protein_coding,233.0,233.0,1.0,1.0,Atg/Gtg,start_lost,,4,,ENSG00000012048,BRCA1,HGNC,1100,HIGH,probably_damaging,0.969,1.0,1.0,deleterious,0.0,-1,ENST00000471181,C
139,M/V,nonsense_mediated_decay,50.0,50.0,1.0,1.0,Atg/Gtg,"start_lost,NMD_transcript_variant",,4,,ENSG00000012048,BRCA1,HGNC,1100,HIGH,benign,0.019,1.0,1.0,deleterious_low_confidence,0.0,-1,ENST00000492859,C
140,M/L,protein_coding,233.0,233.0,1.0,1.0,Atg/Ctg,start_lost,,5,,ENSG00000012048,BRCA1,HGNC,1100,HIGH,benign,0.018,1.0,1.0,deleterious,0.03,-1,ENST00000352993,G
141,M/L,protein_coding,162.0,162.0,1.0,1.0,Atg/Ctg,start_lost,,5,cds_end_NF,ENSG00000012048,BRCA1,HGNC,1100,HIGH,probably_damaging,0.944,1.0,1.0,deleterious,0.0,-1,ENST00000470026,G
142,M/L,protein_coding,194.0,194.0,1.0,1.0,Atg/Ctg,start_lost,,5,cds_end_NF,ENSG00000012048,BRCA1,HGNC,1100,HIGH,probably_damaging,0.944,1.0,1.0,deleterious,0.0,-1,ENST00000494123,G
143,M/L,protein_coding,20.0,20.0,1.0,1.0,Atg/Ctg,start_lost,,5,,ENSG00000012048,BRCA1,HGNC,1100,HIGH,unknown,0.0,1.0,1.0,deleterious,0.0,-1,ENST00000351666,G
144,,protein_coding,,,,,,intron_variant,,5,,ENSG00000012048,BRCA1,HGNC,1100,MODIFIER,,,,,,,-1,ENST00000591534,G
145,M/L,protein_coding,114.0,114.0,1.0,1.0,Atg/Ctg,start_lost,,5,cds_end_NF,ENSG00000012048,BRCA1,HGNC,1100,HIGH,benign,0.267,1.0,1.0,deleterious,0.0,-1,ENST00000477152,G
146,,protein_coding,146.0,146.0,,,,5_prime_UTR_variant,,5,cds_end_NF,ENSG00000012048,BRCA1,HGNC,1100,MODIFIER,,,,,,,-1,ENST00000493919,G
147,,processed_transcript,,,,,,upstream_gene_variant,1514.0,5,,ENSG00000198496,NBR2,HGNC,20691,MODIFIER,,,,,,,1,ENST00000460115,G
148,M/L,protein_coding,103.0,103.0,1.0,1.0,Atg/Ctg,start_lost,,5,cds_end_NF,ENSG00000012048,BRCA1,HGNC,1100,HIGH,possibly_damaging,0.841,1.0,1.0,deleterious,0.02,-1,ENST00000476777,G
149,,protein_coding,,,,,,intron_variant,,5,,ENSG00000012048,BRCA1,HGNC,1100,MODIFIER,,,,,,,-1,ENST00000586385,G
150,,protein_coding,,,,,,intron_variant,,5,cds_end_NF,ENSG00000012048,BRCA1,HGNC,1100,MODIFIER,,,,,,,-1,ENST00000497488,G
151,M/L,protein_coding,195.0,195.0,1.0,1.0,Atg/Ctg,start_lost,,5,,ENSG00000012048,BRCA1,HGNC,1100,HIGH,possibly_damaging,0.813,1.0,1.0,deleterious,0.0,-1,ENST00000346315,G
152,M/L,protein_coding,160.0,160.0,1.0,1.0,Atg/Ctg,start_lost,,5,cds_end_NF,ENSG00000012048,BRCA1,HGNC,1100,HIGH,probably_damaging,0.965,1.0,1.0,deleterious,0.02,-1,ENST00000489037,G
153,M/L,protein_coding,120.0,120.0,1.0,1.0,Atg/Ctg,start_lost,,5,,ENSG00000012048,BRCA1,HGNC,1100,HIGH,probably_damaging,0.944,1.0,1.0,deleterious,0.0,-1,ENST00000357654,G
154,,processed_transcript,,,,,,upstream_gene_variant,1544.0,5,,ENSG00000198496,NBR2,HGNC,20691,MODIFIER,,,,,,,1,ENST00000356906,G
155,,protein_coding,,,,,,intron_variant,,5,,ENSG00000012048,BRCA1,HGNC,1100,MODIFIER,,,,,,,-1,ENST00000591849,G
156,,protein_coding,195.0,195.0,,,,5_prime_UTR_variant,,5,,ENSG00000012048,BRCA1,HGNC,1100,MODIFIER,,,,,,,-1,ENST00000309486,G
157,M/L,protein_coding,233.0,233.0,1.0,1.0,Atg/Ctg,start_lost,,5,,ENSG00000012048,BRCA1,HGNC,1100,HIGH,possibly_damaging,0.817,1.0,1.0,,,-1,ENST00000354071,G
158,M/L,protein_coding,195.0,195.0,1.0,1.0,Atg/Ctg,start_lost,,5,,ENSG00000012048,BRCA1,HGNC,1100,HIGH,possibly_damaging,0.503,1.0,1.0,deleterious,0.0,-1,ENST00000468300,G
159,,protein_coding,146.0,146.0,,,,5_prime_UTR_variant,,5,,ENSG00000012048,BRCA1,HGNC,1100,MODIFIER,,,,,,,-1,ENST00000493795,G
160,M/L,nonsense_mediated_decay,114.0,114.0,1.0,1.0,Atg/Ctg,"start_lost,NMD_transcript_variant",,5,,ENSG00000012048,BRCA1,HGNC,1100,HIGH,probably_damaging,0.944,1.0,1.0,deleterious_low_confidence,0.02,-1,ENST00000461798,G
161,,retained_intron,65.0,65.0,,,,"non_coding_transcript_exon_variant,non_coding_transcript_variant",,5,,ENSG00000012048,BRCA1,HGNC,1100,MODIFIER,,,,,,,-1,ENST00000467274,G
162,,processed_transcript,,,,,,upstream_gene_variant,1548.0,5,,ENSG00000198496,NBR2,HGNC,20691,MODIFIER,,,,,,,1,ENST00000467245,G
163,M/L,protein_coding,103.0,103.0,1.0,1.0,Atg/Ctg,start_lost,,5,cds_end_NF,ENSG00000012048,BRCA1,HGNC,1100,HIGH,possibly_damaging,0.651,1.0,1.0,deleterious,0.0,-1,ENST00000478531,G
164,M/L,protein_coding,100.0,100.0,1.0,1.0,Atg/Ctg,start_lost,,5,,ENSG00000012048,BRCA1,HGNC,1100,HIGH,probably_damaging,0.988,1.0,1.0,deleterious,0.03,-1,ENST00000491747,G
165,M/L,nonsense_mediated_decay,127.0,127.0,1.0,1.0,Atg/Ctg,"start_lost,NMD_transcript_variant",,5,,ENSG00000012048,BRCA1,HGNC,1100,HIGH,probably_damaging,0.944,1.0,1.0,deleterious_low_confidence,0.02,-1,ENST00000461221,G
166,M/L,protein_coding,233.0,233.0,1.0,1.0,Atg/Ctg,start_lost,,5,,ENSG00000012048,BRCA1,HGNC,1100,HIGH,probably_damaging,0.95,1.0,1.0,deleterious,0.0,-1,ENST00000471181,G
167,M/L,nonsense_mediated_decay,50.0,50.0,1.0,1.0,Atg/Ctg,"start_lost,NMD_transcript_variant",,5,,ENSG00000012048,BRCA1,HGNC,1100,HIGH,benign,0.008,1.0,1.0,deleterious_low_confidence,0.02,-1,ENST00000492859,G
168,M/L,protein_coding,233.0,233.0,1.0,1.0,Atg/Ttg,start_lost,,6,,ENSG00000012048,BRCA1,HGNC,1100,HIGH,benign,0.018,1.0,1.0,deleterious,0.03,-1,ENST00000352993,A
169,M/L,protein_coding,162.0,162.0,1.0,1.0,Atg/Ttg,start_lost,,6,cds_end_NF,ENSG00000012048,BRCA1,HGNC,1100,HIGH,probably_damaging,0.944,1.0,1.0,deleterious,0.0,-1,ENST00000470026,A
170,M/L,protein_coding,194.0,194.0,1.0,1.0,Atg/Ttg,start_lost,,6,cds_end_NF,ENSG00000012048,BRCA1,HGNC,1100,HIGH,probably_damaging,0.944,1.0,1.0,deleterious,0.0,-1,ENST00000494123,A
171,M/L,protein_coding,20.0,20.0,1.0,1.0,Atg/Ttg,start_lost,,6,,ENSG00000012048,BRCA1,HGNC,1100,HIGH,unknown,0.0,1.0,1.0,deleterious,0.0,-1,ENST00000351666,A
172,,protein_coding,,,,,,intron_variant,,6,,ENSG00000012048,BRCA1,HGNC,1100,MODIFIER,,,,,,,-1,ENST00000591534,A
173,M/L,protein_coding,114.0,114.0,1.0,1.0,Atg/Ttg,start_lost,,6,cds_end_NF,ENSG00000012048,BRCA1,HGNC,1100,HIGH,benign,0.267,1.0,1.0,deleterious,0.0,-1,ENST00000477152,A
174,,protein_coding,146.0,146.0,,,,5_prime_UTR_variant,,6,cds_end_NF,ENSG00000012048,BRCA1,HGNC,1100,MODIFIER,,,,,,,-1,ENST00000493919,A
175,,processed_transcript,,,,,,upstream_gene_variant,1514.0,6,,ENSG00000198496,NBR2,HGNC,20691,MODIFIER,,,,,,,1,ENST00000460115,A
176,M/L,protein_coding,103.0,103.0,1.0,1.0,Atg/Ttg,start_lost,,6,cds_end_NF,ENSG00000012048,BRCA1,HGNC,1100,HIGH,possibly_damaging,0.841,1.0,1.0,deleterious,0.02,-1,ENST00000476777,A
177,,protein_coding,,,,,,intron_variant,,6,,ENSG00000012048,BRCA1,HGNC,1100,MODIFIER,,,,,,,-1,ENST00000586385,A
178,,protein_coding,,,,,,intron_variant,,6,cds_end_NF,ENSG00000012048,BRCA1,HGNC,1100,MODIFIER,,,,,,,-1,ENST00000497488,A
179,M/L,protein_coding,195.0,195.0,1.0,1.0,Atg/Ttg,start_lost,,6,,ENSG00000012048,BRCA1,HGNC,1100,HIGH,possibly_damaging,0.813,1.0,1.0,deleterious,0.0,-1,ENST00000346315,A
180,M/L,protein_coding,160.0,160.0,1.0,1.0,Atg/Ttg,start_lost,,6,cds_end_NF,ENSG00000012048,BRCA1,HGNC,1100,HIGH,probably_damaging,0.965,1.0,1.0,deleterious,0.02,-1,ENST00000489037,A
181,M/L,protein_coding,120.0,120.0,1.0,1.0,Atg/Ttg,start_lost,,6,,ENSG00000012048,BRCA1,HGNC,1100,HIGH,probably_damaging,0.944,1.0,1.0,deleterious,0.0,-1,ENST00000357654,A
182,,processed_transcript,,,,,,upstream_gene_variant,1544.0,6,,ENSG00000198496,NBR2,HGNC,20691,MODIFIER,,,,,,,1,ENST00000356906,A
183,,protein_coding,,,,,,intron_variant,,6,,ENSG00000012048,BRCA1,HGNC,1100,MODIFIER,,,,,,,-1,ENST00000591849,A
184,,protein_coding,195.0,195.0,,,,5_prime_UTR_variant,,6,,ENSG00000012048,BRCA1,HGNC,1100,MODIFIER,,,,,,,-1,ENST00000309486,A
185,M/L,protein_coding,233.0,233.0,1.0,1.0,Atg/Ttg,start_lost,,6,,ENSG00000012048,BRCA1,HGNC,1100,HIGH,possibly_damaging,0.817,1.0,1.0,,,-1,ENST00000354071,A
186,M/L,protein_coding,195.0,195.0,1.0,1.0,Atg/Ttg,start_lost,,6,,ENSG00000012048,BRCA1,HGNC,1100,HIGH,possibly_damaging,0.503,1.0,1.0,deleterious,0.0,-1,ENST00000468300,A
187,,protein_coding,146.0,146.0,,,,5_prime_UTR_variant,,6,,ENSG00000012048,BRCA1,HGNC,1100,MODIFIER,,,,,,,-1,ENST00000493795,A
188,M/L,nonsense_mediated_decay,114.0,114.0,1.0,1.0,Atg/Ttg,"start_lost,NMD_transcript_variant",,6,,ENSG00000012048,BRCA1,HGNC,1100,HIGH,probably_damaging,0.944,1.0,1.0,deleterious_low_confidence,0.02,-1,ENST00000461798,A
189,,retained_intron,65.0,65.0,,,,"non_coding_transcript_exon_variant,non_coding_transcript_variant",,6,,ENSG00000012048,BRCA1,HGNC,1100,MODIFIER,,,,,,,-1,ENST00000467274,A
190,,processed_transcript,,,,,,upstream_gene_variant,1548.0,6,,ENSG00000198496,NBR2,HGNC,20691,MODIFIER,,,,,,,1,ENST00000467245,A
191,M/L,protein_coding,103.0,103.0,1.0,1.0,Atg/Ttg,start_lost,,6,cds_end_NF,ENSG00000012048,BRCA1,HGNC,1100,HIGH,possibly_damaging,0.651,1.0,1.0,deleterious,0.0,-1,ENST00000478531,A
192,M/L,protein_coding,100.0,100.0,1.0,1.0,Atg/Ttg,start_lost,,6,,ENSG00000012048,BRCA1,HGNC,1100,HIGH,probably_damaging,0.988,1.0,1.0,deleterious,0.03,-1,ENST00000491747,A
193,M/L,nonsense_mediated_decay,127.0,127.0,1.0,1.0,Atg/Ttg,"start_lost,NMD_transcript_variant",,6,,ENSG00000012048,BRCA1,HGNC,1100,HIGH,probably_damaging,0.944,1.0,1.0,deleterious_low_confidence,0.02,-1,ENST00000461221,A
194,M/L,protein_coding,233.0,233.0,1.0,1.0,Atg/Ttg,start_lost,,6,,ENSG00000012048,BRCA1,HGNC,1100,HIGH,probably_damaging,0.95,1.0,1.0,deleterious,0.0,-1,ENST00000471181,A
195,M/L,nonsense_mediated_decay,50.0,50.0,1.0,1.0,Atg/Ttg,"start_lost,NMD_transcript_variant",,6,,ENSG00000012048,BRCA1,HGNC,1100,HIGH,benign,0.008,1.0,1.0,deleterious_low_confidence,0.02,-1,ENST00000492859,A
196,M/V,protein_coding,233.0,233.0,1.0,1.0,Atg/Gtg,start_lost,,7,,ENSG00000012048,BRCA1,HGNC,1100,HIGH,benign,0.043,1.0,1.0,deleterious,0.01,-1,ENST00000352993,C
197,M/V,protein_coding,162.0,162.0,1.0,1.0,Atg/Gtg,start_lost,,7,cds_end_NF,ENSG00000012048,BRCA1,HGNC,1100,HIGH,probably_damaging,0.965,1.0,1.0,deleterious,0.0,-1,ENST00000470026,C
198,M/V,protein_coding,194.0,194.0,1.0,1.0,Atg/Gtg,start_lost,,7,cds_end_NF,ENSG00000012048,BRCA1,HGNC,1100,HIGH,probably_damaging,0.965,1.0,1.0,deleterious,0.0,-1,ENST00000494123,C
199,M/V,protein_coding,20.0,20.0,1.0,1.0,Atg/Gtg,start_lost,,7,,ENSG00000012048,BRCA1,HGNC,1100,HIGH,unknown,0.0,1.0,1.0,deleterious,0.0,-1,ENST00000351666,C
200,,protein_coding,,,,,,intron_variant,,7,,ENSG00000012048,BRCA1,HGNC,1100,MODIFIER,,,,,,,-1,ENST00000591534,C
201,M/V,protein_coding,114.0,114.0,1.0,1.0,Atg/Gtg,start_lost,,7,cds_end_NF,ENSG00000012048,BRCA1,HGNC,1100,HIGH,benign,0.267,1.0,1.0,deleterious,0.0,-1,ENST00000477152,C
202,,protein_coding,146.0,146.0,,,,5_prime_UTR_variant,,7,cds_end_NF,ENSG00000012048,BRCA1,HGNC,1100,MODIFIER,,,,,,,-1,ENST00000493919,C
203,,processed_transcript,,,,,,upstream_gene_variant,1514.0,7,,ENSG00000198496,NBR2,HGNC,20691,MODIFIER,,,,,,,1,ENST00000460115,C
204,M/V,protein_coding,103.0,103.0,1.0,1.0,Atg/Gtg,start_lost,,7,cds_end_NF,ENSG00000012048,BRCA1,HGNC,1100,HIGH,possibly_damaging,0.841,1.0,1.0,deleterious,0.0,-1,ENST00000476777,C
205,,protein_coding,,,,,,intron_variant,,7,,ENSG00000012048,BRCA1,HGNC,1100,MODIFIER,,,,,,,-1,ENST00000586385,C
206,,protein_coding,,,,,,intron_variant,,7,cds_end_NF,ENSG00000012048,BRCA1,HGNC,1100,MODIFIER,,,,,,,-1,ENST00000497488,C
207,M/V,protein_coding,195.0,195.0,1.0,1.0,Atg/Gtg,start_lost,,7,,ENSG00000012048,BRCA1,HGNC,1100,HIGH,probably_damaging,0.914,1.0,1.0,deleterious,0.0,-1,ENST00000346315,C
208,M/V,protein_coding,160.0,160.0,1.0,1.0,Atg/Gtg,start_lost,,7,cds_end_NF,ENSG00000012048,BRCA1,HGNC,1100,HIGH,probably_damaging,0.978,1.0,1.0,deleterious,0.0,-1,ENST00000489037,C
209,M/V,protein_coding,120.0,120.0,1.0,1.0,Atg/Gtg,start_lost,,7,,ENSG00000012048,BRCA1,HGNC,1100,HIGH,probably_damaging,0.965,1.0,1.0,deleterious,0.0,-1,ENST00000357654,C
210,,processed_transcript,,,,,,upstream_gene_variant,1544.0,7,,ENSG00000198496,NBR2,HGNC,20691,MODIFIER,,,,,,,1,ENST00000356906,C
211,,protein_coding,,,,,,intron_variant,,7,,ENSG00000012048,BRCA1,HGNC,1100,MODIFIER,,,,,,,-1,ENST00000591849,C
212,,protein_coding,195.0,195.0,,,,5_prime_UTR_variant,,7,,ENSG00000012048,BRCA1,HGNC,1100,MODIFIER,,,,,,,-1,ENST00000309486,C
213,M/V,protein_coding,233.0,233.0,1.0,1.0,Atg/Gtg,start_lost,,7,,ENSG00000012048,BRCA1,HGNC,1100,HIGH,probably_damaging,0.916,1.0,1.0,,,-1,ENST00000354071,C
214,M/V,protein_coding,195.0,195.0,1.0,1.0,Atg/Gtg,start_lost,,7,,ENSG00000012048,BRCA1,HGNC,1100,HIGH,possibly_damaging,0.712,1.0,1.0,deleterious,0.0,-1,ENST00000468300,C
215,,protein_coding,146.0,146.0,,,,5_prime_UTR_variant,,7,,ENSG00000012048,BRCA1,HGNC,1100,MODIFIER,,,,,,,-1,ENST00000493795,C
216,M/V,nonsense_mediated_decay,114.0,114.0,1.0,1.0,Atg/Gtg,"start_lost,NMD_transcript_variant",,7,,ENSG00000012048,BRCA1,HGNC,1100,HIGH,probably_damaging,0.965,1.0,1.0,deleterious_low_confidence,0.01,-1,ENST00000461798,C
217,,retained_intron,65.0,65.0,,,,"non_coding_transcript_exon_variant,non_coding_transcript_variant",,7,,ENSG00000012048,BRCA1,HGNC,1100,MODIFIER,,,,,,,-1,ENST00000467274,C
218,,processed_transcript,,,,,,upstream_gene_variant,1548.0,7,,ENSG00000198496,NBR2,HGNC,20691,MODIFIER,,,,,,,1,ENST00000467245,C
219,M/V,protein_coding,103.0,103.0,1.0,1.0,Atg/Gtg,start_lost,,7,cds_end_NF,ENSG00000012048,BRCA1,HGNC,1100,HIGH,possibly_damaging,0.824,1.0,1.0,deleterious,0.0,-1,ENST00000478531,C
220,M/V,protein_coding,100.0,100.0,1.0,1.0,Atg/Gtg,start_lost,,7,,ENSG00000012048,BRCA1,HGNC,1100,HIGH,probably_damaging,0.992,1.0,1.0,deleterious,0.01,-1,ENST00000491747,C
221,M/V,nonsense_mediated_decay,127.0,127.0,1.0,1.0,Atg/Gtg,"start_lost,NMD_transcript_variant",,7,,ENSG00000012048,BRCA1,HGNC,1100,HIGH,probably_damaging,0.965,1.0,1.0,deleterious_low_confidence,0.01,-1,ENST00000461221,C
222,M/V,protein_coding,233.0,233.0,1.0,1.0,Atg/Gtg,start_lost,,7,,ENSG00000012048,BRCA1,HGNC,1100,HIGH,probably_damaging,0.969,1.0,1.0,deleterious,0.0,-1,ENST00000471181,C
223,M/V,nonsense_mediated_decay,50.0,50.0,1.0,1.0,Atg/Gtg,"start_lost,NMD_transcript_variant",,7,,ENSG00000012048,BRCA1,HGNC,1100,HIGH,benign,0.019,1.0,1.0,deleterious_low_confidence,0.0,-1,ENST00000492859,C
224,M/L,protein_coding,233.0,233.0,1.0,1.0,Atg/Ctg,start_lost,,8,,ENSG00000012048,BRCA1,HGNC,1100,HIGH,benign,0.018,1.0,1.0,deleterious,0.03,-1,ENST00000352993,G
225,M/L,protein_coding,162.0,162.0,1.0,1.0,Atg/Ctg,start_lost,,8,cds_end_NF,ENSG00000012048,BRCA1,HGNC,1100,HIGH,probably_damaging,0.944,1.0,1.0,deleterious,0.0,-1,ENST00000470026,G
226,M/L,protein_coding,194.0,194.0,1.0,1.0,Atg/Ctg,start_lost,,8,cds_end_NF,ENSG00000012048,BRCA1,HGNC,1100,HIGH,probably_damaging,0.944,1.0,1.0,deleterious,0.0,-1,ENST00000494123,G
227,M/L,protein_coding,20.0,20.0,1.0,1.0,Atg/Ctg,start_lost,,8,,ENSG00000012048,BRCA1,HGNC,1100,HIGH,unknown,0.0,1.0,1.0,deleterious,0.0,-1,ENST00000351666,G
228,,protein_coding,,,,,,intron_variant,,8,,ENSG00000012048,BRCA1,HGNC,1100,MODIFIER,,,,,,,-1,ENST00000591534,G
229,M/L,protein_coding,114.0,114.0,1.0,1.0,Atg/Ctg,start_lost,,8,cds_end_NF,ENSG00000012048,BRCA1,HGNC,1100,HIGH,benign,0.267,1.0,1.0,deleterious,0.0,-1,ENST00000477152,G
230,,protein_coding,146.0,146.0,,,,5_prime_UTR_variant,,8,cds_end_NF,ENSG00000012048,BRCA1,HGNC,1100,MODIFIER,,,,,,,-1,ENST00000493919,G
231,,processed_transcript,,,,,,upstream_gene_variant,1514.0,8,,ENSG00000198496,NBR2,HGNC,20691,MODIFIER,,,,,,,1,ENST00000460115,G
232,M/L,protein_coding,103.0,103.0,1.0,1.0,Atg/Ctg,start_lost,,8,cds_end_NF,ENSG00000012048,BRCA1,HGNC,1100,HIGH,possibly_damaging,0.841,1.0,1.0,deleterious,0.02,-1,ENST00000476777,G
233,,protein_coding,,,,,,intron_variant,,8,,ENSG00000012048,BRCA1,HGNC,1100,MODIFIER,,,,,,,-1,ENST00000586385,G
234,,protein_coding,,,,,,intron_variant,,8,cds_end_NF,ENSG00000012048,BRCA1,HGNC,1100,MODIFIER,,,,,,,-1,ENST00000497488,G
235,M/L,protein_coding,195.0,195.0,1.0,1.0,Atg/Ctg,start_lost,,8,,ENSG00000012048,BRCA1,HGNC,1100,HIGH,possibly_damaging,0.813,1.0,1.0,deleterious,0.0,-1,ENST00000346315,G
236,M/L,protein_coding,160.0,160.0,1.0,1.0,Atg/Ctg,start_lost,,8,cds_end_NF,ENSG00000012048,BRCA1,HGNC,1100,HIGH,probably_damaging,0.965,1.0,1.0,deleterious,0.02,-1,ENST00000489037,G
237,M/L,protein_coding,120.0,120.0,1.0,1.0,Atg/Ctg,start_lost,,8,,ENSG00000012048,BRCA1,HGNC,1100,HIGH,probably_damaging,0.944,1.0,1.0,deleterious,0.0,-1,ENST00000357654,G
238,,processed_transcript,,,,,,upstream_gene_variant,1544.0,8,,ENSG00000198496,NBR2,HGNC,20691,MODIFIER,,,,,,,1,ENST00000356906,G
239,,protein_coding,,,,,,intron_variant,,8,,ENSG00000012048,BRCA1,HGNC,1100,MODIFIER,,,,,,,-1,ENST00000591849,G
240,,protein_coding,195.0,195.0,,,,5_prime_UTR_variant,,8,,ENSG00000012048,BRCA1,HGNC,1100,MODIFIER,,,,,,,-1,ENST00000309486,G
241,M/L,protein_coding,233.0,233.0,1.0,1.0,Atg/Ctg,start_lost,,8,,ENSG00000012048,BRCA1,HGNC,1100,HIGH,possibly_damaging,0.817,1.0,1.0,,,-1,ENST00000354071,G
242,M/L,protein_coding,195.0,195.0,1.0,1.0,Atg/Ctg,start_lost,,8,,ENSG00000012048,BRCA1,HGNC,1100,HIGH,possibly_damaging,0.503,1.0,1.0,deleterious,0.0,-1,ENST00000468300,G
243,,protein_coding,146.0,146.0,,,,5_prime_UTR_variant,,8,,ENSG00000012048,BRCA1,HGNC,1100,MODIFIER,,,,,,,-1,ENST00000493795,G
244,M/L,nonsense_mediated_decay,114.0,114.0,1.0,1.0,Atg/Ctg,"start_lost,NMD_transcript_variant",,8,,ENSG00000012048,BRCA1,HGNC,1100,HIGH,probably_damaging,0.944,1.0,1.0,deleterious_low_confidence,0.02,-1,ENST00000461798,G
245,,retained_intron,65.0,65.0,,,,"non_coding_transcript_exon_variant,non_coding_transcript_variant",,8,,ENSG00000012048,BRCA1,HGNC,1100,MODIFIER,,,,,,,-1,ENST00000467274,G
246,,processed_transcript,,,,,,upstream_gene_variant,1548.0,8,,ENSG00000198496,NBR2,HGNC,20691,MODIFIER,,,,,,,1,ENST00000467245,G
247,M/L,protein_coding,103.0,103.0,1.0,1.0,Atg/Ctg,start_lost,,8,cds_end_NF,ENSG00000012048,BRCA1,HGNC,1100,HIGH,possibly_damaging,0.651,1.0,1.0,deleterious,0.0,-1,ENST00000478531,G
248,M/L,protein_coding,100.0,100.0,1.0,1.0,Atg/Ctg,start_lost,,8,,ENSG00000012048,BRCA1,HGNC,1100,HIGH,probably_damaging,0.988,1.0,1.0,deleterious,0.03,-1,ENST00000491747,G
249,M/L,nonsense_mediated_decay,127.0,127.0,1.0,1.0,Atg/Ctg,"start_lost,NMD_transcript_variant",,8,,ENSG00000012048,BRCA1,HGNC,1100,HIGH,probably_damaging,0.944,1.0,1.0,deleterious_low_confidence,0.02,-1,ENST00000461221,G
250,M/L,protein_coding,233.0,233.0,1.0,1.0,Atg/Ctg,start_lost,,8,,ENSG00000012048,BRCA1,HGNC,1100,HIGH,probably_damaging,0.95,1.0,1.0,deleterious,0.0,-1,ENST00000471181,G
251,M/L,nonsense_mediated_decay,50.0,50.0,1.0,1.0,Atg/Ctg,"start_lost,NMD_transcript_variant",,8,,ENSG00000012048,BRCA1,HGNC,1100,HIGH,benign,0.008,1.0,1.0,deleterious_low_confidence,0.02,-1,ENST00000492859,G
252,M/R,protein_coding,234.0,234.0,2.0,2.0,aTg/aGg,start_lost,,9,,ENSG00000012048,BRCA1,HGNC,1100,HIGH,benign,0.092,1.0,1.0,deleterious,0.0,-1,ENST00000352993,C
253,M/R,protein_coding,163.0,163.0,2.0,2.0,aTg/aGg,start_lost,,9,cds_end_NF,ENSG00000012048,BRCA1,HGNC,1100,HIGH,probably_damaging,0.99,1.0,1.0,deleterious,0.0,-1,ENST00000470026,C
254,M/R,protein_coding,195.0,195.0,2.0,2.0,aTg/aGg,start_lost,,9,cds_end_NF,ENSG00000012048,BRCA1,HGNC,1100,HIGH,probably_damaging,0.99,1.0,1.0,deleterious,0.0,-1,ENST00000494123,C
255,M/R,protein_coding,21.0,21.0,2.0,2.0,aTg/aGg,start_lost,,9,,ENSG00000012048,BRCA1,HGNC,1100,HIGH,unknown,0.0,1.0,1.0,deleterious,0.0,-1,ENST00000351666,C
256,,protein_coding,,,,,,intron_variant,,9,,ENSG00000012048,BRCA1,HGNC,1100,MODIFIER,,,,,,,-1,ENST00000591534,C
257,M/R,protein_coding,115.0,115.0,2.0,2.0,aTg/aGg,start_lost,,9,cds_end_NF,ENSG00000012048,BRCA1,HGNC,1100,HIGH,possibly_damaging,0.599,1.0,1.0,deleterious,0.0,-1,ENST00000477152,C
258,,protein_coding,147.0,147.0,,,,5_prime_UTR_variant,,9,cds_end_NF,ENSG00000012048,BRCA1,HGNC,1100,MODIFIER,,,,,,,-1,ENST00000493919,C
259,,processed_transcript,,,,,,upstream_gene_variant,1515.0,9,,ENSG00000198496,NBR2,HGNC,20691,MODIFIER,,,,,,,1,ENST00000460115,C
260,M/R,protein_coding,104.0,104.0,2.0,2.0,aTg/aGg,start_lost,,9,cds_end_NF,ENSG00000012048,BRCA1,HGNC,1100,HIGH,probably_damaging,0.991,1.0,1.0,deleterious,0.0,-1,ENST00000476777,C
261,,protein_coding,,,,,,intron_variant,,9,,ENSG00000012048,BRCA1,HGNC,1100,MODIFIER,,,,,,,-1,ENST00000586385,C
262,,protein_coding,,,,,,intron_variant,,9,cds_end_NF,ENSG00000012048,BRCA1,HGNC,1100,MODIFIER,,,,,,,-1,ENST00000497488,C
263,M/R,protein_coding,196.0,196.0,2.0,2.0,aTg/aGg,start_lost,,9,,ENSG00000012048,BRCA1,HGNC,1100,HIGH,probably_damaging,0.974,1.0,1.0,deleterious,0.0,-1,ENST00000346315,C
264,M/R,protein_coding,161.0,161.0,2.0,2.0,aTg/aGg,start_lost,,9,cds_end_NF,ENSG00000012048,BRCA1,HGNC,1100,HIGH,probably_damaging,0.994,1.0,1.0,deleterious,0.0,-1,ENST00000489037,C
265,M/R,protein_coding,121.0,121.0,2.0,2.0,aTg/aGg,start_lost,,9,,ENSG00000012048,BRCA1,HGNC,1100,HIGH,probably_damaging,0.99,1.0,1.0,deleterious,0.0,-1,ENST00000357654,C
266,,processed_transcript,,,,,,upstream_gene_variant,1545.0,9,,ENSG00000198496,NBR2,HGNC,20691,MODIFIER,,,,,,,1,ENST00000356906,C
267,,protein_coding,,,,,,intron_variant,,9,,ENSG00000012048,BRCA1,HGNC,1100,MODIFIER,,,,,,,-1,ENST00000591849,C
268,,protein_coding,196.0,196.0,,,,5_prime_UTR_variant,,9,,ENSG00000012048,BRCA1,HGNC,1100,MODIFIER,,,,,,,-1,ENST00000309486,C
269,M/R,protein_coding,234.0,234.0,2.0,2.0,aTg/aGg,start_lost,,9,,ENSG00000012048,BRCA1,HGNC,1100,HIGH,probably_damaging,0.975,1.0,1.0,,,-1,ENST00000354071,C
270,M/R,protein_coding,196.0,196.0,2.0,2.0,aTg/aGg,start_lost,,9,,ENSG00000012048,BRCA1,HGNC,1100,HIGH,probably_damaging,0.988,1.0,1.0,deleterious,0.0,-1,ENST00000468300,C
271,,protein_coding,147.0,147.0,,,,5_prime_UTR_variant,,9,,ENSG00000012048,BRCA1,HGNC,1100,MODIFIER,,,,,,,-1,ENST00000493795,C
272,M/R,nonsense_mediated_decay,115.0,115.0,2.0,2.0,aTg/aGg,"start_lost,NMD_transcript_variant",,9,,ENSG00000012048,BRCA1,HGNC,1100,HIGH,probably_damaging,0.99,1.0,1.0,deleterious_low_confidence,0.0,-1,ENST00000461798,C
273,,retained_intron,66.0,66.0,,,,"non_coding_transcript_exon_variant,non_coding_transcript_variant",,9,,ENSG00000012048,BRCA1,HGNC,1100,MODIFIER,,,,,,,-1,ENST00000467274,C
274,,processed_transcript,,,,,,upstream_gene_variant,1549.0,9,,ENSG00000198496,NBR2,HGNC,20691,MODIFIER,,,,,,,1,ENST00000467245,C
275,M/R,protein_coding,104.0,104.0,2.0,2.0,aTg/aGg,start_lost,,9,cds_end_NF,ENSG00000012048,BRCA1,HGNC,1100,HIGH,probably_damaging,0.942,1.0,1.0,deleterious,0.0,-1,ENST00000478531,C
276,M/R,protein_coding,101.0,101.0,2.0,2.0,aTg/aGg,start_lost,,9,,ENSG00000012048,BRCA1,HGNC,1100,HIGH,probably_damaging,0.998,1.0,1.0,deleterious,0.0,-1,ENST00000491747,C
277,M/R,nonsense_mediated_decay,128.0,128.0,2.0,2.0,aTg/aGg,"start_lost,NMD_transcript_variant",,9,,ENSG00000012048,BRCA1,HGNC,1100,HIGH,probably_damaging,0.99,1.0,1.0,deleterious_low_confidence,0.0,-1,ENST00000461221,C
278,M/R,protein_coding,234.0,234.0,2.0,2.0,aTg/aGg,start_lost,,9,,ENSG00000012048,BRCA1,HGNC,1100,HIGH,probably_damaging,0.991,1.0,1.0,deleterious,0.0,-1,ENST00000471181,C
279,M/R,nonsense_mediated_decay,51.0,51.0,2.0,2.0,aTg/aGg,"start_lost,NMD_transcript_variant",,9,,ENSG00000012048,BRCA1,HGNC,1100,HIGH,benign,0.042,1.0,1.0,deleterious_low_confidence,0.0,-1,ENST00000492859,C
280,M/T,protein_coding,234.0,234.0,2.0,2.0,aTg/aCg,start_lost,,10,,ENSG00000012048,BRCA1,HGNC,1100,HIGH,benign,0.092,1.0,1.0,deleterious,0.0,-1,ENST00000352993,G
281,M/T,protein_coding,163.0,163.0,2.0,2.0,aTg/aCg,start_lost,,10,cds_end_NF,ENSG00000012048,BRCA1,HGNC,1100,HIGH,probably_damaging,0.983,1.0,1.0,deleterious,0.0,-1,ENST00000470026,G
282,M/T,protein_coding,195.0,195.0,2.0,2.0,aTg/aCg,start_lost,,10,cds_end_NF,ENSG00000012048,BRCA1,HGNC,1100,HIGH,probably_damaging,0.983,1.0,1.0,deleterious,0.0,-1,ENST00000494123,G
283,M/T,protein_coding,21.0,21.0,2.0,2.0,aTg/aCg,start_lost,,10,,ENSG00000012048,BRCA1,HGNC,1100,HIGH,unknown,0.0,1.0,1.0,deleterious,0.0,-1,ENST00000351666,G
284,,protein_coding,,,,,,intron_variant,,10,,ENSG00000012048,BRCA1,HGNC,1100,MODIFIER,,,,,,,-1,ENST00000591534,G
285,M/T,protein_coding,115.0,115.0,2.0,2.0,aTg/aCg,start_lost,,10,cds_end_NF,ENSG00000012048,BRCA1,HGNC,1100,HIGH,possibly_damaging,0.599,1.0,1.0,deleterious,0.0,-1,ENST00000477152,G
286,,protein_coding,147.0,147.0,,,,5_prime_UTR_variant,,10,cds_end_NF,ENSG00000012048,BRCA1,HGNC,1100,MODIFIER,,,,,,,-1,ENST00000493919,G
287,,processed_transcript,,,,,,upstream_gene_variant,1515.0,10,,ENSG00000198496,NBR2,HGNC,20691,MODIFIER,,,,,,,1,ENST00000460115,G
288,M/T,protein_coding,104.0,104.0,2.0,2.0,aTg/aCg,start_lost,,10,cds_end_NF,ENSG00000012048,BRCA1,HGNC,1100,HIGH,probably_damaging,0.987,1.0,1.0,deleterious,0.0,-1,ENST00000476777,G
289,,protein_coding,,,,,,intron_variant,,10,,ENSG00000012048,BRCA1,HGNC,1100,MODIFIER,,,,,,,-1,ENST00000586385,G
290,,protein_coding,,,,,,intron_variant,,10,cds_end_NF,ENSG00000012048,BRCA1,HGNC,1100,MODIFIER,,,,,,,-1,ENST00000497488,G
291,M/T,protein_coding,196.0,196.0,2.0,2.0,aTg/aCg,start_lost,,10,,ENSG00000012048,BRCA1,HGNC,1100,HIGH,probably_damaging,0.942,1.0,1.0,deleterious,0.0,-1,ENST00000346315,G
292,M/T,protein_coding,161.0,161.0,2.0,2.0,aTg/aCg,start_lost,,10,cds_end_NF,ENSG00000012048,BRCA1,HGNC,1100,HIGH,probably_damaging,0.99,1.0,1.0,deleterious,0.0,-1,ENST00000489037,G
293,M/T,protein_coding,121.0,121.0,2.0,2.0,aTg/aCg,start_lost,,10,,ENSG00000012048,BRCA1,HGNC,1100,HIGH,probably_damaging,0.983,1.0,1.0,deleterious,0.0,-1,ENST00000357654,G
294,,processed_transcript,,,,,,upstream_gene_variant,1545.0,10,,ENSG00000198496,NBR2,HGNC,20691,MODIFIER,,,,,,,1,ENST00000356906,G
295,,protein_coding,,,,,,intron_variant,,10,,ENSG00000012048,BRCA1,HGNC,1100,MODIFIER,,,,,,,-1,ENST00000591849,G
296,,protein_coding,196.0,196.0,,,,5_prime_UTR_variant,,10,,ENSG00000012048,BRCA1,HGNC,1100,MODIFIER,,,,,,,-1,ENST00000309486,G
297,M/T,protein_coding,234.0,234.0,2.0,2.0,aTg/aCg,start_lost,,10,,ENSG00000012048,BRCA1,HGNC,1100,HIGH,probably_damaging,0.943,1.0,1.0,,,-1,ENST00000354071,G
298,M/T,protein_coding,196.0,196.0,2.0,2.0,aTg/aCg,start_lost,,10,,ENSG00000012048,BRCA1,HGNC,1100,HIGH,probably_damaging,0.936,1.0,1.0,deleterious,0.0,-1,ENST00000468300,G
299,,protein_coding,147.0,147.0,,,,5_prime_UTR_variant,,10,,ENSG00000012048,BRCA1,HGNC,1100,MODIFIER,,,,,,,-1,ENST00000493795,G
300,M/T,nonsense_mediated_decay,115.0,115.0,2.0,2.0,aTg/aCg,"start_lost,NMD_transcript_variant",,10,,ENSG00000012048,BRCA1,HGNC,1100,HIGH,probably_damaging,0.983,1.0,1.0,deleterious_low_confidence,0.0,-1,ENST00000461798,G
301,,retained_intron,66.0,66.0,,,,"non_coding_transcript_exon_variant,non_coding_transcript_variant",,10,,ENSG00000012048,BRCA1,HGNC,1100,MODIFIER,,,,,,,-1,ENST00000467274,G
302,,processed_transcript,,,,,,upstream_gene_variant,1549.0,10,,ENSG00000198496,NBR2,HGNC,20691,MODIFIER,,,,,,,1,ENST00000467245,G
303,M/T,protein_coding,104.0,104.0,2.0,2.0,aTg/aCg,start_lost,,10,cds_end_NF,ENSG00000012048,BRCA1,HGNC,1100,HIGH,possibly_damaging,0.885,1.0,1.0,deleterious,0.0,-1,ENST00000478531,G
304,M/T,protein_coding,101.0,101.0,2.0,2.0,aTg/aCg,start_lost,,10,,ENSG00000012048,BRCA1,HGNC,1100,HIGH,probably_damaging,0.996,1.0,1.0,deleterious,0.0,-1,ENST00000491747,G
305,M/T,nonsense_mediated_decay,128.0,128.0,2.0,2.0,aTg/aCg,"start_lost,NMD_transcript_variant",,10,,ENSG00000012048,BRCA1,HGNC,1100,HIGH,probably_damaging,0.983,1.0,1.0,deleterious_low_confidence,0.0,-1,ENST00000461221,G
306,M/T,protein_coding,234.0,234.0,2.0,2.0,aTg/aCg,start_lost,,10,,ENSG00000012048,BRCA1,HGNC,1100,HIGH,probably_damaging,0.985,1.0,1.0,deleterious,0.0,-1,ENST00000471181,G
307,M/T,nonsense_mediated_decay,51.0,51.0,2.0,2.0,aTg/aCg,"start_lost,NMD_transcript_variant",,10,,ENSG00000012048,BRCA1,HGNC,1100,HIGH,benign,0.042,1.0,1.0,deleterious_low_confidence,0.0,-1,ENST00000492859,G
308,M/K,protein_coding,234.0,234.0,2.0,2.0,aTg/aAg,start_lost,,11,,ENSG00000012048,BRCA1,HGNC,1100,HIGH,benign,0.092,1.0,1.0,deleterious,0.0,-1,ENST00000352993,T
309,M/K,protein_coding,163.0,163.0,2.0,2.0,aTg/aAg,start_lost,,11,cds_end_NF,ENSG00000012048,BRCA1,HGNC,1100,HIGH,probably_damaging,0.99,1.0,1.0,deleterious,0.0,-1,ENST00000470026,T
310,M/K,protein_coding,195.0,195.0,2.0,2.0,aTg/aAg,start_lost,,11,cds_end_NF,ENSG00000012048,BRCA1,HGNC,1100,HIGH,probably_damaging,0.99,1.0,1.0,deleterious,0.0,-1,ENST00000494123,T
311,M/K,protein_coding,21.0,21.0,2.0,2.0,aTg/aAg,start_lost,,11,,ENSG00000012048,BRCA1,HGNC,1100,HIGH,unknown,0.0,1.0,1.0,deleterious,0.0,-1,ENST00000351666,T
312,,protein_coding,,,,,,intron_variant,,11,,ENSG00000012048,BRCA1,HGNC,1100,MODIFIER,,,,,,,-1,ENST00000591534,T
313,M/K,protein_coding,115.0,115.0,2.0,2.0,aTg/aAg,start_lost,,11,cds_end_NF,ENSG00000012048,BRCA1,HGNC,1100,HIGH,possibly_damaging,0.599,1.0,1.0,deleterious,0.0,-1,ENST00000477152,T
314,,protein_coding,147.0,147.0,,,,5_prime_UTR_variant,,11,cds_end_NF,ENSG00000012048,BRCA1,HGNC,1100,MODIFIER,,,,,,,-1,ENST00000493919,T
315,,processed_transcript,,,,,,upstream_gene_variant,1515.0,11,,ENSG00000198496,NBR2,HGNC,20691,MODIFIER,,,,,,,1,ENST00000460115,T
316,M/K,protein_coding,104.0,104.0,2.0,2.0,aTg/aAg,start_lost,,11,cds_end_NF,ENSG00000012048,BRCA1,HGNC,1100,HIGH,probably_damaging,0.991,1.0,1.0,deleterious,0.0,-1,ENST00000476777,T
317,,protein_coding,,,,,,intron_variant,,11,,ENSG00000012048,BRCA1,HGNC,1100,MODIFIER,,,,,,,-1,ENST00000586385,T
318,,protein_coding,,,,,,intron_variant,,11,cds_end_NF,ENSG00000012048,BRCA1,HGNC,1100,MODIFIER,,,,,,,-1,ENST00000497488,T
319,M/K,protein_coding,196.0,196.0,2.0,2.0,aTg/aAg,start_lost,,11,,ENSG00000012048,BRCA1,HGNC,1100,HIGH,probably_damaging,0.942,1.0,1.0,deleterious,0.0,-1,ENST00000346315,T
320,M/K,protein_coding,161.0,161.0,2.0,2.0,aTg/aAg,start_lost,,11,cds_end_NF,ENSG00000012048,BRCA1,HGNC,1100,HIGH,probably_damaging,0.994,1.0,1.0,deleterious,0.0,-1,ENST00000489037,T
321,M/K,protein_coding,121.0,121.0,2.0,2.0,aTg/aAg,start_lost,,11,,ENSG00000012048,BRCA1,HGNC,1100,HIGH,probably_damaging,0.99,1.0,1.0,deleterious,0.0,-1,ENST00000357654,T
322,,processed_transcript,,,,,,upstream_gene_variant,1545.0,11,,ENSG00000198496,NBR2,HGNC,20691,MODIFIER,,,,,,,1,ENST00000356906,T
323,,protein_coding,,,,,,intron_variant,,11,,ENSG00000012048,BRCA1,HGNC,1100,MODIFIER,,,,,,,-1,ENST00000591849,T
324,,protein_coding,196.0,196.0,,,,5_prime_UTR_variant,,11,,ENSG00000012048,BRCA1,HGNC,1100,MODIFIER,,,,,,,-1,ENST00000309486,T
325,M/K,protein_coding,234.0,234.0,2.0,2.0,aTg/aAg,start_lost,,11,,ENSG00000012048,BRCA1,HGNC,1100,HIGH,probably_damaging,0.943,1.0,1.0,,,-1,ENST00000354071,T
326,M/K,protein_coding,196.0,196.0,2.0,2.0,aTg/aAg,start_lost,,11,,ENSG00000012048,BRCA1,HGNC,1100,HIGH,probably_damaging,0.96,1.0,1.0,deleterious,0.0,-1,ENST00000468300,T
327,,protein_coding,147.0,147.0,,,,5_prime_UTR_variant,,11,,ENSG00000012048,BRCA1,HGNC,1100,MODIFIER,,,,,,,-1,ENST00000493795,T
328,M/K,nonsense_mediated_decay,115.0,115.0,2.0,2.0,aTg/aAg,"start_lost,NMD_transcript_variant",,11,,ENSG00000012048,BRCA1,HGNC,1100,HIGH,probably_damaging,0.99,1.0,1.0,deleterious_low_confidence,0.0,-1,ENST00000461798,T
329,,retained_intron,66.0,66.0,,,,"non_coding_transcript_exon_variant,non_coding_transcript_variant",,11,,ENSG00000012048,BRCA1,HGNC,1100,MODIFIER,,,,,,,-1,ENST00000467274,T
330,,processed_transcript,,,,,,upstream_gene_variant,1549.0,11,,ENSG00000198496,NBR2,HGNC,20691,MODIFIER,,,,,,,1,ENST00000467245,T
331,M/K,protein_coding,104.0,104.0,2.0,2.0,aTg/aAg,start_lost,,11,cds_end_NF,ENSG00000012048,BRCA1,HGNC,1100,HIGH,probably_damaging,0.921,1.0,1.0,deleterious,0.0,-1,ENST00000478531,T
332,M/K,protein_coding,101.0,101.0,2.0,2.0,aTg/aAg,start_lost,,11,,ENSG00000012048,BRCA1,HGNC,1100,HIGH,probably_damaging,0.998,1.0,1.0,deleterious,0.0,-1,ENST00000491747,T
333,M/K,nonsense_mediated_decay,128.0,128.0,2.0,2.0,aTg/aAg,"start_lost,NMD_transcript_variant",,11,,ENSG00000012048,BRCA1,HGNC,1100,HIGH,probably_damaging,0.99,1.0,1.0,deleterious_low_confidence,0.0,-1,ENST00000461221,T
334,M/K,protein_coding,234.0,234.0,2.0,2.0,aTg/aAg,start_lost,,11,,ENSG00000012048,BRCA1,HGNC,1100,HIGH,probably_damaging,0.991,1.0,1.0,deleterious,0.0,-1,ENST00000471181,T
335,M/K,nonsense_mediated_decay,51.0,51.0,2.0,2.0,aTg/aAg,"start_lost,NMD_transcript_variant",,11,,ENSG00000012048,BRCA1,HGNC,1100,HIGH,benign,0.042,1.0,1.0,deleterious_low_confidence,0.0,-1,ENST00000492859,T
336,M/R,protein_coding,234.0,234.0,2.0,2.0,aTg/aGg,start_lost,,12,,ENSG00000012048,BRCA1,HGNC,1100,HIGH,benign,0.092,1.0,1.0,deleterious,0.0,-1,ENST00000352993,C
337,M/R,protein_coding,163.0,163.0,2.0,2.0,aTg/aGg,start_lost,,12,cds_end_NF,ENSG00000012048,BRCA1,HGNC,1100,HIGH,probably_damaging,0.99,1.0,1.0,deleterious,0.0,-1,ENST00000470026,C
338,M/R,protein_coding,195.0,195.0,2.0,2.0,aTg/aGg,start_lost,,12,cds_end_NF,ENSG00000012048,BRCA1,HGNC,1100,HIGH,probably_damaging,0.99,1.0,1.0,deleterious,0.0,-1,ENST00000494123,C
339,M/R,protein_coding,21.0,21.0,2.0,2.0,aTg/aGg,start_lost,,12,,ENSG00000012048,BRCA1,HGNC,1100,HIGH,unknown,0.0,1.0,1.0,deleterious,0.0,-1,ENST00000351666,C
340,,protein_coding,,,,,,intron_variant,,12,,ENSG00000012048,BRCA1,HGNC,1100,MODIFIER,,,,,,,-1,ENST00000591534,C
341,M/R,protein_coding,115.0,115.0,2.0,2.0,aTg/aGg,start_lost,,12,cds_end_NF,ENSG00000012048,BRCA1,HGNC,1100,HIGH,possibly_damaging,0.599,1.0,1.0,deleterious,0.0,-1,ENST00000477152,C
342,,protein_coding,147.0,147.0,,,,5_prime_UTR_variant,,12,cds_end_NF,ENSG00000012048,BRCA1,HGNC,1100,MODIFIER,,,,,,,-1,ENST00000493919,C
343,,processed_transcript,,,,,,upstream_gene_variant,1515.0,12,,ENSG00000198496,NBR2,HGNC,20691,MODIFIER,,,,,,,1,ENST00000460115,C
344,M/R,protein_coding,104.0,104.0,2.0,2.0,aTg/aGg,start_lost,,12,cds_end_NF,ENSG00000012048,BRCA1,HGNC,1100,HIGH,probably_damaging,0.991,1.0,1.0,deleterious,0.0,-1,ENST00000476777,C
345,,protein_coding,,,,,,intron_variant,,12,,ENSG00000012048,BRCA1,HGNC,1100,MODIFIER,,,,,,,-1,ENST00000586385,C
346,,protein_coding,,,,,,intron_variant,,12,cds_end_NF,ENSG00000012048,BRCA1,HGNC,1100,MODIFIER,,,,,,,-1,ENST00000497488,C
347,M/R,protein_coding,196.0,196.0,2.0,2.0,aTg/aGg,start_lost,,12,,ENSG00000012048,BRCA1,HGNC,1100,HIGH,probably_damaging,0.974,1.0,1.0,deleterious,0.0,-1,ENST00000346315,C
348,M/R,protein_coding,161.0,161.0,2.0,2.0,aTg/aGg,start_lost,,12,cds_end_NF,ENSG00000012048,BRCA1,HGNC,1100,HIGH,probably_damaging,0.994,1.0,1.0,deleterious,0.0,-1,ENST00000489037,C
349,M/R,protein_coding,121.0,121.0,2.0,2.0,aTg/aGg,start_lost,,12,,ENSG00000012048,BRCA1,HGNC,1100,HIGH,probably_damaging,0.99,1.0,1.0,deleterious,0.0,-1,ENST00000357654,C
350,,processed_transcript,,,,,,upstream_gene_variant,1545.0,12,,ENSG00000198496,NBR2,HGNC,20691,MODIFIER,,,,,,,1,ENST00000356906,C
351,,protein_coding,,,,,,intron_variant,,12,,ENSG00000012048,BRCA1,HGNC,1100,MODIFIER,,,,,,,-1,ENST00000591849,C
352,,protein_coding,196.0,196.0,,,,5_prime_UTR_variant,,12,,ENSG00000012048,BRCA1,HGNC,1100,MODIFIER,,,,,,,-1,ENST00000309486,C
353,M/R,protein_coding,234.0,234.0,2.0,2.0,aTg/aGg,start_lost,,12,,ENSG00000012048,BRCA1,HGNC,1100,HIGH,probably_damaging,0.975,1.0,1.0,,,-1,ENST00000354071,C
354,M/R,protein_coding,196.0,196.0,2.0,2.0,aTg/aGg,start_lost,,12,,ENSG00000012048,BRCA1,HGNC,1100,HIGH,probably_damaging,0.988,1.0,1.0,deleterious,0.0,-1,ENST00000468300,C
355,,protein_coding,147.0,147.0,,,,5_prime_UTR_variant,,12,,ENSG00000012048,BRCA1,HGNC,1100,MODIFIER,,,,,,,-1,ENST00000493795,C
356,M/R,nonsense_mediated_decay,115.0,115.0,2.0,2.0,aTg/aGg,"start_lost,NMD_transcript_variant",,12,,ENSG00000012048,BRCA1,HGNC,1100,HIGH,probably_damaging,0.99,1.0,1.0,deleterious_low_confidence,0.0,-1,ENST00000461798,C
357,,retained_intron,66.0,66.0,,,,"non_coding_transcript_exon_variant,non_coding_transcript_variant",,12,,ENSG00000012048,BRCA1,HGNC,1100,MODIFIER,,,,,,,-1,ENST00000467274,C
358,,processed_transcript,,,,,,upstream_gene_variant,1549.0,12,,ENSG00000198496,NBR2,HGNC,20691,MODIFIER,,,,,,,1,ENST00000467245,C
359,M/R,protein_coding,104.0,104.0,2.0,2.0,aTg/aGg,start_lost,,12,cds_end_NF,ENSG00000012048,BRCA1,HGNC,1100,HIGH,probably_damaging,0.942,1.0,1.0,deleterious,0.0,-1,ENST00000478531,C
360,M/R,protein_coding,101.0,101.0,2.0,2.0,aTg/aGg,start_lost,,12,,ENSG00000012048,BRCA1,HGNC,1100,HIGH,probably_damaging,0.998,1.0,1.0,deleterious,0.0,-1,ENST00000491747,C
361,M/R,nonsense_mediated_decay,128.0,128.0,2.0,2.0,aTg/aGg,"start_lost,NMD_transcript_variant",,12,,ENSG00000012048,BRCA1,HGNC,1100,HIGH,probably_damaging,0.99,1.0,1.0,deleterious_low_confidence,0.0,-1,ENST00000461221,C
362,M/R,protein_coding,234.0,234.0,2.0,2.0,aTg/aGg,start_lost,,12,,ENSG00000012048,BRCA1,HGNC,1100,HIGH,probably_damaging,0.991,1.0,1.0,deleterious,0.0,-1,ENST00000471181,C
363,M/R,nonsense_mediated_decay,51.0,51.0,2.0,2.0,aTg/aGg,"start_lost,NMD_transcript_variant",,12,,ENSG00000012048,BRCA1,HGNC,1100,HIGH,benign,0.042,1.0,1.0,deleterious_low_confidence,0.0,-1,ENST00000492859,C
364,M/T,protein_coding,234.0,234.0,2.0,2.0,aTg/aCg,start_lost,,13,,ENSG00000012048,BRCA1,HGNC,1100,HIGH,benign,0.092,1.0,1.0,deleterious,0.0,-1,ENST00000352993,G
365,M/T,protein_coding,163.0,163.0,2.0,2.0,aTg/aCg,start_lost,,13,cds_end_NF,ENSG00000012048,BRCA1,HGNC,1100,HIGH,probably_damaging,0.983,1.0,1.0,deleterious,0.0,-1,ENST00000470026,G
366,M/T,protein_coding,195.0,195.0,2.0,2.0,aTg/aCg,start_lost,,13,cds_end_NF,ENSG00000012048,BRCA1,HGNC,1100,HIGH,probably_damaging,0.983,1.0,1.0,deleterious,0.0,-1,ENST00000494123,G
367,M/T,protein_coding,21.0,21.0,2.0,2.0,aTg/aCg,start_lost,,13,,ENSG00000012048,BRCA1,HGNC,1100,HIGH,unknown,0.0,1.0,1.0,deleterious,0.0,-1,ENST00000351666,G
368,,protein_coding,,,,,,intron_variant,,13,,ENSG00000012048,BRCA1,HGNC,1100,MODIFIER,,,,,,,-1,ENST00000591534,G
369,M/T,protein_coding,115.0,115.0,2.0,2.0,aTg/aCg,start_lost,,13,cds_end_NF,ENSG00000012048,BRCA1,HGNC,1100,HIGH,possibly_damaging,0.599,1.0,1.0,deleterious,0.0,-1,ENST00000477152,G
370,,protein_coding,147.0,147.0,,,,5_prime_UTR_variant,,13,cds_end_NF,ENSG00000012048,BRCA1,HGNC,1100,MODIFIER,,,,,,,-1,ENST00000493919,G
371,,processed_transcript,,,,,,upstream_gene_variant,1515.0,13,,ENSG00000198496,NBR2,HGNC,20691,MODIFIER,,,,,,,1,ENST00000460115,G
372,M/T,protein_coding,104.0,104.0,2.0,2.0,aTg/aCg,start_lost,,13,cds_end_NF,ENSG00000012048,BRCA1,HGNC,1100,HIGH,probably_damaging,0.987,1.0,1.0,deleterious,0.0,-1,ENST00000476777,G
373,,protein_coding,,,,,,intron_variant,,13,,ENSG00000012048,BRCA1,HGNC,1100,MODIFIER,,,,,,,-1,ENST00000586385,G
374,,protein_coding,,,,,,intron_variant,,13,cds_end_NF,ENSG00000012048,BRCA1,HGNC,1100,MODIFIER,,,,,,,-1,ENST00000497488,G
375,M/T,protein_coding,196.0,196.0,2.0,2.0,aTg/aCg,start_lost,,13,,ENSG00000012048,BRCA1,HGNC,1100,HIGH,probably_damaging,0.942,1.0,1.0,deleterious,0.0,-1,ENST00000346315,G
376,M/T,protein_coding,161.0,161.0,2.0,2.0,aTg/aCg,start_lost,,13,cds_end_NF,ENSG00000012048,BRCA1,HGNC,1100,HIGH,probably_damaging,0.99,1.0,1.0,deleterious,0.0,-1,ENST00000489037,G
377,M/T,protein_coding,121.0,121.0,2.0,2.0,aTg/aCg,start_lost,,13,,ENSG00000012048,BRCA1,HGNC,1100,HIGH,probably_damaging,0.983,1.0,1.0,deleterious,0.0,-1,ENST00000357654,G
378,,processed_transcript,,,,,,upstream_gene_variant,1545.0,13,,ENSG00000198496,NBR2,HGNC,20691,MODIFIER,,,,,,,1,ENST00000356906,G
379,,protein_coding,,,,,,intron_variant,,13,,ENSG00000012048,BRCA1,HGNC,1100,MODIFIER,,,,,,,-1,ENST00000591849,G
380,,protein_coding,196.0,196.0,,,,5_prime_UTR_variant,,13,,ENSG00000012048,BRCA1,HGNC,1100,MODIFIER,,,,,,,-1,ENST00000309486,G
381,M/T,protein_coding,234.0,234.0,2.0,2.0,aTg/aCg,start_lost,,13,,ENSG00000012048,BRCA1,HGNC,1100,HIGH,probably_damaging,0.943,1.0,1.0,,,-1,ENST00000354071,G
382,M/T,protein_coding,196.0,196.0,2.0,2.0,aTg/aCg,start_lost,,13,,ENSG00000012048,BRCA1,HGNC,1100,HIGH,probably_damaging,0.936,1.0,1.0,deleterious,0.0,-1,ENST00000468300,G
383,,protein_coding,147.0,147.0,,,,5_prime_UTR_variant,,13,,ENSG00000012048,BRCA1,HGNC,1100,MODIFIER,,,,,,,-1,ENST00000493795,G
384,M/T,nonsense_mediated_decay,115.0,115.0,2.0,2.0,aTg/aCg,"start_lost,NMD_transcript_variant",,13,,ENSG00000012048,BRCA1,HGNC,1100,HIGH,probably_damaging,0.983,1.0,1.0,deleterious_low_confidence,0.0,-1,ENST00000461798,G
385,,retained_intron,66.0,66.0,,,,"non_coding_transcript_exon_variant,non_coding_transcript_variant",,13,,ENSG00000012048,BRCA1,HGNC,1100,MODIFIER,,,,,,,-1,ENST00000467274,G
386,,processed_transcript,,,,,,upstream_gene_variant,1549.0,13,,ENSG00000198496,NBR2,HGNC,20691,MODIFIER,,,,,,,1,ENST00000467245,G
387,M/T,protein_coding,104.0,104.0,2.0,2.0,aTg/aCg,start_lost,,13,cds_end_NF,ENSG00000012048,BRCA1,HGNC,1100,HIGH,possibly_damaging,0.885,1.0,1.0,deleterious,0.0,-1,ENST00000478531,G
388,M/T,protein_coding,101.0,101.0,2.0,2.0,aTg/aCg,start_lost,,13,,ENSG00000012048,BRCA1,HGNC,1100,HIGH,probably_damaging,0.996,1.0,1.0,deleterious,0.0,-1,ENST00000491747,G
389,M/T,nonsense_mediated_decay,128.0,128.0,2.0,2.0,aTg/aCg,"start_lost,NMD_transcript_variant",,13,,ENSG00000012048,BRCA1,HGNC,1100,HIGH,probably_damaging,0.983,1.0,1.0,deleterious_low_confidence,0.0,-1,ENST00000461221,G
390,M/T,protein_coding,234.0,234.0,2.0,2.0,aTg/aCg,start_lost,,13,,ENSG00000012048,BRCA1,HGNC,1100,HIGH,probably_damaging,0.985,1.0,1.0,deleterious,0.0,-1,ENST00000471181,G
391,M/T,nonsense_mediated_decay,51.0,51.0,2.0,2.0,aTg/aCg,"start_lost,NMD_transcript_variant",,13,,ENSG00000012048,BRCA1,HGNC,1100,HIGH,benign,0.042,1.0,1.0,deleterious_low_confidence,0.0,-1,ENST00000492859,G
392,M/K,protein_coding,234.0,234.0,2.0,2.0,aTg/aAg,start_lost,,14,,ENSG00000012048,BRCA1,HGNC,1100,HIGH,benign,0.092,1.0,1.0,deleterious,0.0,-1,ENST00000352993,T
393,M/K,protein_coding,163.0,163.0,2.0,2.0,aTg/aAg,start_lost,,14,cds_end_NF,ENSG00000012048,BRCA1,HGNC,1100,HIGH,probably_damaging,0.99,1.0,1.0,deleterious,0.0,-1,ENST00000470026,T
394,M/K,protein_coding,195.0,195.0,2.0,2.0,aTg/aAg,start_lost,,14,cds_end_NF,ENSG00000012048,BRCA1,HGNC,1100,HIGH,probably_damaging,0.99,1.0,1.0,deleterious,0.0,-1,ENST00000494123,T
395,M/K,protein_coding,21.0,21.0,2.0,2.0,aTg/aAg,start_lost,,14,,ENSG00000012048,BRCA1,HGNC,1100,HIGH,unknown,0.0,1.0,1.0,deleterious,0.0,-1,ENST00000351666,T
396,,protein_coding,,,,,,intron_variant,,14,,ENSG00000012048,BRCA1,HGNC,1100,MODIFIER,,,,,,,-1,ENST00000591534,T
397,M/K,protein_coding,115.0,115.0,2.0,2.0,aTg/aAg,start_lost,,14,cds_end_NF,ENSG00000012048,BRCA1,HGNC,1100,HIGH,possibly_damaging,0.599,1.0,1.0,deleterious,0.0,-1,ENST00000477152,T
398,,protein_coding,147.0,147.0,,,,5_prime_UTR_variant,,14,cds_end_NF,ENSG00000012048,BRCA1,HGNC,1100,MODIFIER,,,,,,,-1,ENST00000493919,T
399,,processed_transcript,,,,,,upstream_gene_variant,1515.0,14,,ENSG00000198496,NBR2,HGNC,20691,MODIFIER,,,,,,,1,ENST00000460115,T
400,M/K,protein_coding,104.0,104.0,2.0,2.0,aTg/aAg,start_lost,,14,cds_end_NF,ENSG00000012048,BRCA1,HGNC,1100,HIGH,probably_damaging,0.991,1.0,1.0,deleterious,0.0,-1,ENST00000476777,T
401,,protein_coding,,,,,,intron_variant,,14,,ENSG00000012048,BRCA1,HGNC,1100,MODIFIER,,,,,,,-1,ENST00000586385,T
402,,protein_coding,,,,,,intron_variant,,14,cds_end_NF,ENSG00000012048,BRCA1,HGNC,1100,MODIFIER,,,,,,,-1,ENST00000497488,T
403,M/K,protein_coding,196.0,196.0,2.0,2.0,aTg/aAg,start_lost,,14,,ENSG00000012048,BRCA1,HGNC,1100,HIGH,probably_damaging,0.942,1.0,1.0,deleterious,0.0,-1,ENST00000346315,T
404,M/K,protein_coding,161.0,161.0,2.0,2.0,aTg/aAg,start_lost,,14,cds_end_NF,ENSG00000012048,BRCA1,HGNC,1100,HIGH,probably_damaging,0.994,1.0,1.0,deleterious,0.0,-1,ENST00000489037,T
405,M/K,protein_coding,121.0,121.0,2.0,2.0,aTg/aAg,start_lost,,14,,ENSG00000012048,BRCA1,HGNC,1100,HIGH,probably_damaging,0.99,1.0,1.0,deleterious,0.0,-1,ENST00000357654,T
406,,processed_transcript,,,,,,upstream_gene_variant,1545.0,14,,ENSG00000198496,NBR2,HGNC,20691,MODIFIER,,,,,,,1,ENST00000356906,T
407,,protein_coding,,,,,,intron_variant,,14,,ENSG00000012048,BRCA1,HGNC,1100,MODIFIER,,,,,,,-1,ENST00000591849,T
408,,protein_coding,196.0,196.0,,,,5_prime_UTR_variant,,14,,ENSG00000012048,BRCA1,HGNC,1100,MODIFIER,,,,,,,-1,ENST00000309486,T
409,M/K,protein_coding,234.0,234.0,2.0,2.0,aTg/aAg,start_lost,,14,,ENSG00000012048,BRCA1,HGNC,1100,HIGH,probably_damaging,0.943,1.0,1.0,,,-1,ENST00000354071,T
410,M/K,protein_coding,196.0,196.0,2.0,2.0,aTg/aAg,start_lost,,14,,ENSG00000012048,BRCA1,HGNC,1100,HIGH,probably_damaging,0.96,1.0,1.0,deleterious,0.0,-1,ENST00000468300,T
411,,protein_coding,147.0,147.0,,,,5_prime_UTR_variant,,14,,ENSG00000012048,BRCA1,HGNC,1100,MODIFIER,,,,,,,-1,ENST00000493795,T
412,M/K,nonsense_mediated_decay,115.0,115.0,2.0,2.0,aTg/aAg,"start_lost,NMD_transcript_variant",,14,,ENSG00000012048,BRCA1,HGNC,1100,HIGH,probably_damaging,0.99,1.0,1.0,deleterious_low_confidence,0.0,-1,ENST00000461798,T
413,,retained_intron,66.0,66.0,,,,"non_coding_transcript_exon_variant,non_coding_transcript_variant",,14,,ENSG00000012048,BRCA1,HGNC,1100,MODIFIER,,,,,,,-1,ENST00000467274,T
414,,processed_transcript,,,,,,upstream_gene_variant,1549.0,14,,ENSG00000198496,NBR2,HGNC,20691,MODIFIER,,,,,,,1,ENST00000467245,T
415,M/K,protein_coding,104.0,104.0,2.0,2.0,aTg/aAg,start_lost,,14,cds_end_NF,ENSG00000012048,BRCA1,HGNC,1100,HIGH,probably_damaging,0.921,1.0,1.0,deleterious,0.0,-1,ENST00000478531,T
416,M/K,protein_coding,101.0,101.0,2.0,2.0,aTg/aAg,start_lost,,14,,ENSG00000012048,BRCA1,HGNC,1100,HIGH,probably_damaging,0.998,1.0,1.0,deleterious,0.0,-1,ENST00000491747,T
417,M/K,nonsense_mediated_decay,128.0,128.0,2.0,2.0,aTg/aAg,"start_lost,NMD_transcript_variant",,14,,ENSG00000012048,BRCA1,HGNC,1100,HIGH,probably_damaging,0.99,1.0,1.0,deleterious_low_confidence,0.0,-1,ENST00000461221,T
418,M/K,protein_coding,234.0,234.0,2.0,2.0,aTg/aAg,start_lost,,14,,ENSG00000012048,BRCA1,HGNC,1100,HIGH,probably_damaging,0.991,1.0,1.0,deleterious,0.0,-1,ENST00000471181,T
419,M/K,nonsense_mediated_decay,51.0,51.0,2.0,2.0,aTg/aAg,"start_lost,NMD_transcript_variant",,14,,ENSG00000012048,BRCA1,HGNC,1100,HIGH,benign,0.042,1.0,1.0,deleterious_low_confidence,0.0,-1,ENST00000492859,T
